disasterNumber,declarationDate,disasterName,incidentBeginDate,incidentEndDate,declarationType,stateCode,stateName,incidentType,Trump 2024,D Governor,R Governor,Dem-led,GOP-led,entryDate,updateDate,closeoutDate,region,ihProgramDeclared,iaProgramDeclared,paProgramDeclared,hmProgramDeclared,designatedIncidentTypes,declarationRequestDate,disasterPageUrl,shapefileUrl,kmzfileUrl,geoJsonUrl,id,hash,lastRefresh
4893,2025-10-22T00:00:00.000Z,"SEVERE STORMS, FLOODING, AND REMNANTS OF TYPHOON HALONG",2025-10-08T00:00:00.000Z,2025-10-13T00:00:00.000Z,Major Disaster,AK,Alaska                        ,Flood,1,,1,,1,2025-10-23T00:00:00.000Z,2026-02-04T00:00:00.000Z,,10,1,0,1,0,"2,W,F",2025-10-16T00:00:00.000Z,https://www.fema.gov/disaster/4893,https://gis.fema.gov/maps/dec_4893.zip,https://gis.fema.gov/maps/dec_4893.kmz,https://gis.fema.gov/geoserver/FEMA/ows?service=WFS&version=1.0.0&request=GetFeature&typeName=FEMA%3ACURRENT_DISASTER_DECLARATIONS&maxFeatures=500&outputFormat=application%2Fjson&CQL_FILTER=dec_number%3D%27DR-4893%27,f72d8b1d-ce2f-4655-82cd-e49cd21ae0e3,7caf9cb796b0f0009e4632bca8d6f53cfb2fd7c5,2026-02-04T01:01:17.091Z
4873,2025-05-21T00:00:00.000Z,"SEVERE STORMS, TORNADOES, AND FLOODING",2025-04-02T00:00:00.000Z,2025-04-22T00:00:00.000Z,Major Disaster,AR,Arkansas                      ,Flood,1,,1,,1,2025-05-23T00:00:00.000Z,2025-06-24T00:00:00.000Z,,6,1,0,1,0,"W,F,T",2025-05-03T00:00:00.000Z,https://www.fema.gov/disaster/4873,https://gis.fema.gov/maps/dec_4873.zip,https://gis.fema.gov/maps/dec_4873.kmz,https://gis.fema.gov/geoserver/FEMA/ows?service=WFS&version=1.0.0&request=GetFeature&typeName=FEMA%3ACURRENT_DISASTER_DECLARATIONS&maxFeatures=500&outputFormat=application%2Fjson&CQL_FILTER=dec_number%3D%27DR-4873%27,db0956ed-4d4b-4d6c-ae40-edd84237e230,f5071160cdfc2b76c5010be0b29cdff2da18d9b8,2025-06-24T15:21:58.592Z
4865,2025-05-08T00:00:00.000Z,SEVERE STORMS AND TORNADOES,2025-03-14T00:00:00.000Z,2025-03-15T00:00:00.000Z,Major Disaster,AR,Arkansas                      ,Severe Storm,1,,1,,1,2025-05-13T00:00:00.000Z,2025-05-13T00:00:00.000Z,,6,1,0,0,0,"W,T",2025-03-21T00:00:00.000Z,https://www.fema.gov/disaster/4865,https://gis.fema.gov/maps/dec_4865.zip,https://gis.fema.gov/maps/dec_4865.kmz,https://gis.fema.gov/geoserver/FEMA/ows?service=WFS&version=1.0.0&request=GetFeature&typeName=FEMA%3ACURRENT_DISASTER_DECLARATIONS&maxFeatures=500&outputFormat=application%2Fjson&CQL_FILTER=dec_number%3D%27DR-4865%27,67b7c43e-4744-4e79-a757-b1ff67e769ef,81b210b7548e3a49b45cdf6c8d410d2a740dc88b,2025-05-14T00:01:33.023Z
4856,2025-01-08T00:00:00.000Z,WILDFIRES AND STRAIGHT-LINE WINDS,2025-01-07T00:00:00.000Z,2025-01-31T00:00:00.000Z,Major Disaster,CA,California                    ,Fire,,1,,1,,2025-01-09T00:00:00.000Z,2025-02-18T00:00:00.000Z,,9,1,0,1,1,"2,R",2025-01-08T00:00:00.000Z,https://www.fema.gov/disaster/4856,https://gis.fema.gov/maps/dec_4856.zip,https://gis.fema.gov/maps/dec_4856.kmz,https://gis.fema.gov/geoserver/FEMA/ows?service=WFS&version=1.0.0&request=GetFeature&typeName=FEMA%3ACURRENT_DISASTER_DECLARATIONS&maxFeatures=500&outputFormat=application%2Fjson&CQL_FILTER=dec_number%3D%27DR-4856%27,ee718fce-7188-4043-bde7-978e2fbb0ba9,2f558f231382992df3e58041355399476edf8468,2025-03-11T19:21:45.366Z
4882,2025-07-22T00:00:00.000Z,"SEVERE STORMS, STRAIGHT-LINE WINDS, TORNADOES, AND FLOODING",2025-03-30T00:00:00.000Z,2025-04-09T00:00:00.000Z,Major Disaster,IN,Indiana                       ,Flood,1,,1,,1,2025-07-23T00:00:00.000Z,2025-08-21T00:00:00.000Z,,5,0,0,1,0,"2,W,F,T",2025-05-28T00:00:00.000Z,https://www.fema.gov/disaster/4882,https://gis.fema.gov/maps/dec_4882.zip,https://gis.fema.gov/maps/dec_4882.kmz,https://gis.fema.gov/geoserver/FEMA/ows?service=WFS&version=1.0.0&request=GetFeature&typeName=FEMA%3ACURRENT_DISASTER_DECLARATIONS&maxFeatures=500&outputFormat=application%2Fjson&CQL_FILTER=dec_number%3D%27DR-4882%27,23faafd8-1d5b-47ee-b812-46f993de8922,3c2fbc8178e80000d05404fcf42ca734f62f99fa,2025-08-21T23:02:00.169Z
4870,2025-05-21T00:00:00.000Z,SEVERE WINTER STORM,2025-03-19T00:00:00.000Z,2025-03-19T00:00:00.000Z,Major Disaster,IA,Iowa                          ,Winter Storm,1,,1,,1,2025-05-23T00:00:00.000Z,2025-05-23T00:00:00.000Z,,7,0,0,1,0,"5,W",2025-04-15T00:00:00.000Z,https://www.fema.gov/disaster/4870,https://gis.fema.gov/maps/dec_4870.zip,https://gis.fema.gov/maps/dec_4870.kmz,https://gis.fema.gov/geoserver/FEMA/ows?service=WFS&version=1.0.0&request=GetFeature&typeName=FEMA%3ACURRENT_DISASTER_DECLARATIONS&maxFeatures=500&outputFormat=application%2Fjson&CQL_FILTER=dec_number%3D%27DR-4870%27,821babcf-480a-4116-9b34-b0871378bf17,1f5981405bc935689daf41808274c05fffbc798f,2025-05-23T01:21:18.804Z
4897,2025-12-19T00:00:00.000Z,"SEVERE STORMS, STRAIGHT-LINE WINDS, AND FLOODING",2025-07-17T00:00:00.000Z,2025-07-22T00:00:00.000Z,Major Disaster,KS,Kansas                        ,Severe Storm,1,,1,,,2025-12-20T00:00:00.000Z,2025-12-20T00:00:00.000Z,,7,0,0,1,0,"2,W,F,T",2025-09-17T00:00:00.000Z,https://www.fema.gov/disaster/4897,https://gis.fema.gov/maps/dec_4897.zip,https://gis.fema.gov/maps/dec_4897.kmz,https://gis.fema.gov/geoserver/FEMA/ows?service=WFS&version=1.0.0&request=GetFeature&typeName=FEMA%3ACURRENT_DISASTER_DECLARATIONS&maxFeatures=500&outputFormat=application%2Fjson&CQL_FILTER=dec_number%3D%27DR-4897%27,ffd80d02-fb1c-46da-8850-a2e73ae026a4,4a4925f96bc07a2bbd893e264435790cba9423f1,2025-12-20T02:21:22.997Z
4891,2025-09-11T00:00:00.000Z,"SEVERE STORMS, STRAIGHT-LINE WINDS, TORNADOES, AND FLOODING",2025-06-03T00:00:00.000Z,2025-06-07T00:00:00.000Z,Major Disaster,KS,Kansas                        ,Severe Storm,1,,1,,,2025-09-12T00:00:00.000Z,2025-09-12T00:00:00.000Z,,7,0,0,1,0,"2,W,F,T",2025-08-05T00:00:00.000Z,https://www.fema.gov/disaster/4891,https://gis.fema.gov/maps/dec_4891.zip,https://gis.fema.gov/maps/dec_4891.kmz,https://gis.fema.gov/geoserver/FEMA/ows?service=WFS&version=1.0.0&request=GetFeature&typeName=FEMA%3ACURRENT_DISASTER_DECLARATIONS&maxFeatures=500&outputFormat=application%2Fjson&CQL_FILTER=dec_number%3D%27DR-4891%27,8fb112f0-ff61-4f0b-8873-f1d1a862e24c,dc940b5d96dadefc0725a9e814aa243ef9f0ac7a,2025-09-12T03:01:14.576Z
4883,2025-07-22T00:00:00.000Z,"SEVERE STORMS, STRAIGHT-LINE WINDS, TORNADOES, AND FLOODING",2025-05-18T00:00:00.000Z,2025-05-19T00:00:00.000Z,Major Disaster,KS,Kansas                        ,Severe Storm,1,,1,,,2025-07-23T00:00:00.000Z,2025-07-23T00:00:00.000Z,,7,0,0,1,0,"2,W,F,T",2025-06-17T00:00:00.000Z,https://www.fema.gov/disaster/4883,https://gis.fema.gov/maps/dec_4883.zip,https://gis.fema.gov/maps/dec_4883.kmz,https://gis.fema.gov/geoserver/FEMA/ows?service=WFS&version=1.0.0&request=GetFeature&typeName=FEMA%3ACURRENT_DISASTER_DECLARATIONS&maxFeatures=500&outputFormat=application%2Fjson&CQL_FILTER=dec_number%3D%27DR-4883%27,a9d1c141-e366-4eb9-8bc1-1a93ecd93b57,ec5ea0c9e24efbf32359a7ca801e35b52d4b6229,2025-07-23T04:01:33.700Z
4869,2025-05-21T00:00:00.000Z,"SEVERE WINTER STORM, STRAIGHT-LINE WINDS, FLOODING, AND WILDFIRES",2025-03-14T00:00:00.000Z,2025-03-19T00:00:00.000Z,Major Disaster,KS,Kansas                        ,Severe Storm,1,,1,,,2025-05-23T00:00:00.000Z,2025-05-23T00:00:00.000Z,,7,0,0,1,0,"2,5,R,W,F,T",2025-04-14T00:00:00.000Z,https://www.fema.gov/disaster/4869,https://gis.fema.gov/maps/dec_4869.zip,https://gis.fema.gov/maps/dec_4869.kmz,https://gis.fema.gov/geoserver/FEMA/ows?service=WFS&version=1.0.0&request=GetFeature&typeName=FEMA%3ACURRENT_DISASTER_DECLARATIONS&maxFeatures=500&outputFormat=application%2Fjson&CQL_FILTER=dec_number%3D%27DR-4869%27,5de6c01d-6120-4e0a-97a2-b9e8eeee48d3,49e40ce5adf357f6b176490500f2cfec6fdc5504,2025-05-23T14:21:22.967Z
4875,2025-05-23T00:00:00.000Z,"SEVERE STORMS, STRAIGHT-LINE WINDS, AND TORNADOES",2025-05-16T00:00:00.000Z,2025-05-17T00:00:00.000Z,Major Disaster,KY,Kentucky                      ,Severe Storm,1,1,,,,2025-05-23T00:00:00.000Z,2025-07-23T00:00:00.000Z,,4,1,0,1,0,"2,M,W,F,T",2025-05-20T00:00:00.000Z,https://www.fema.gov/disaster/4875,https://gis.fema.gov/maps/dec_4875.zip,https://gis.fema.gov/maps/dec_4875.kmz,https://gis.fema.gov/geoserver/FEMA/ows?service=WFS&version=1.0.0&request=GetFeature&typeName=FEMA%3ACURRENT_DISASTER_DECLARATIONS&maxFeatures=500&outputFormat=application%2Fjson&CQL_FILTER=dec_number%3D%27DR-4875%27,05950478-04c5-4841-8d4a-2d0bb3ead2b8,698b1ae44e6d2e7381ec10f16e6f6f97bcb7dd50,2025-07-23T03:01:42.095Z
4864,2025-04-24T00:00:00.000Z,"SEVERE STORMS, STRAIGHT-LINE WINDS, TORNADOES, FLOODING, LANDSLIDES, AND MUDSLIDES",2025-04-02T00:00:00.000Z,2025-05-16T00:00:00.000Z,Major Disaster,KY,Kentucky                      ,Severe Storm,1,1,,,,2025-04-25T00:00:00.000Z,2025-07-23T00:00:00.000Z,,4,1,0,1,0,"2,M,W,F,T",2025-04-11T00:00:00.000Z,https://www.fema.gov/disaster/4864,https://gis.fema.gov/maps/dec_4864.zip,https://gis.fema.gov/maps/dec_4864.kmz,https://gis.fema.gov/geoserver/FEMA/ows?service=WFS&version=1.0.0&request=GetFeature&typeName=FEMA%3ACURRENT_DISASTER_DECLARATIONS&maxFeatures=500&outputFormat=application%2Fjson&CQL_FILTER=dec_number%3D%27DR-4864%27,f395098c-2c1f-4b31-9648-5d4902d7a255,fa517ab4fb186ed2be355484d37e8a9798d705d4,2025-07-23T01:41:45.178Z
4860,2025-02-24T00:00:00.000Z,"SEVERE STORMS, STRAIGHT-LINE WINDS, FLOODING, LANDSLIDES, AND MUDSLIDES",2025-02-14T00:00:00.000Z,2025-03-07T00:00:00.000Z,Major Disaster,KY,Kentucky                      ,Severe Storm,1,1,,,,2025-02-24T00:00:00.000Z,2025-04-09T00:00:00.000Z,,4,1,0,1,1,"2,M,W,F",2025-02-17T00:00:00.000Z,https://www.fema.gov/disaster/4860,https://gis.fema.gov/maps/dec_4860.zip,https://gis.fema.gov/maps/dec_4860.kmz,https://gis.fema.gov/geoserver/FEMA/ows?service=WFS&version=1.0.0&request=GetFeature&typeName=FEMA%3ACURRENT_DISASTER_DECLARATIONS&maxFeatures=500&outputFormat=application%2Fjson&CQL_FILTER=dec_number%3D%27DR-4860%27,808c6a19-09f2-4628-9089-16acb081befd,8617aa1f0750564b5f1a24bc6f10f410b267fc4b,2025-04-09T14:41:36.005Z
4900,2026-02-18T00:00:00.000Z,SEVERE WINTER STORM,2026-01-23T00:00:00.000Z,2026-01-27T00:00:00.000Z,Major Disaster,LA,Louisiana                     ,Winter Storm,1,,1,,1,2026-02-19T00:00:00.000Z,2026-03-17T00:00:00.000Z,,6,0,0,1,0,5,2026-02-04T00:00:00.000Z,https://www.fema.gov/disaster/4900,https://gis.fema.gov/maps/dec_4900.zip,https://gis.fema.gov/maps/dec_4900.kmz,https://gis.fema.gov/geoserver/FEMA/ows?service=WFS&version=1.0.0&request=GetFeature&typeName=FEMA%3ACURRENT_DISASTER_DECLARATIONS&maxFeatures=500&outputFormat=application%2Fjson&CQL_FILTER=dec_number%3D%27DR-4900%27,c4a1e52d-d6d5-48cf-a56a-c76f558ca764,336e9a0f37587d1ae4c644050ac5ca7301cf2d6f,2026-03-17T21:21:11.946Z
4880,2025-07-22T00:00:00.000Z,SEVERE WINTER STORM,2025-03-28T00:00:00.000Z,2025-03-30T00:00:00.000Z,Major Disaster,MI,Michigan                      ,Severe Ice Storm,1,1,,1,,2025-07-23T00:00:00.000Z,2026-03-13T00:00:00.000Z,,5,0,0,1,0,"5,O",2025-05-16T00:00:00.000Z,https://www.fema.gov/disaster/4880,https://gis.fema.gov/maps/dec_4880.zip,https://gis.fema.gov/maps/dec_4880.kmz,https://gis.fema.gov/geoserver/FEMA/ows?service=WFS&version=1.0.0&request=GetFeature&typeName=FEMA%3ACURRENT_DISASTER_DECLARATIONS&maxFeatures=500&outputFormat=application%2Fjson&CQL_FILTER=dec_number%3D%27DR-4880%27,0ab46253-fa61-4708-a0d2-9c3d55027c0e,87878833de4ffcea390ca523af15274926c43eab,2026-03-13T17:01:21.703Z
4894,2025-10-22T00:00:00.000Z,SEVERE STORMS AND STRAIGHT-LINE WINDS,2025-06-21T00:00:00.000Z,2025-06-21T00:00:00.000Z,Major Disaster,MN,Minnesota                     ,Straight-Line Winds,,1,,1,,2025-10-23T00:00:00.000Z,2025-10-23T00:00:00.000Z,,5,1,0,1,0,"2,W",2025-08-19T00:00:00.000Z,https://www.fema.gov/disaster/4894,https://gis.fema.gov/maps/dec_4894.zip,https://gis.fema.gov/maps/dec_4894.kmz,https://gis.fema.gov/geoserver/FEMA/ows?service=WFS&version=1.0.0&request=GetFeature&typeName=FEMA%3ACURRENT_DISASTER_DECLARATIONS&maxFeatures=500&outputFormat=application%2Fjson&CQL_FILTER=dec_number%3D%27DR-4894%27,8d868e59-2af5-4efb-becb-00777cd49c99,23d0dc5bdbbdedf0eab2cfbb5576b241db8600af,2025-10-23T03:41:11.466Z
4899,2026-02-06T00:00:00.000Z,SEVERE WINTER STORM,2026-01-23T00:00:00.000Z,2026-01-27T00:00:00.000Z,Major Disaster,MS,Mississippi                   ,Winter Storm,1,,1,,1,2026-02-06T00:00:00.000Z,2026-03-17T00:00:00.000Z,,4,0,0,1,0,5,2026-02-03T00:00:00.000Z,https://www.fema.gov/disaster/4899,https://gis.fema.gov/maps/dec_4899.zip,https://gis.fema.gov/maps/dec_4899.kmz,https://gis.fema.gov/geoserver/FEMA/ows?service=WFS&version=1.0.0&request=GetFeature&typeName=FEMA%3ACURRENT_DISASTER_DECLARATIONS&maxFeatures=500&outputFormat=application%2Fjson&CQL_FILTER=dec_number%3D%27DR-4899%27,d2ed2496-483d-4866-af1b-b1c43b637b1c,a9dcd14e93f33cce7e77d84dcb41fe0911361bff,2026-03-17T21:01:25.492Z
4874,2025-05-21T00:00:00.000Z,"SEVERE STORMS, STRAIGHT-LINE WINDS, TORNADOES, AND FLOODING",2025-03-14T00:00:00.000Z,2025-03-15T00:00:00.000Z,Major Disaster,MS,Mississippi                   ,Severe Storm,1,,1,,1,2025-05-23T00:00:00.000Z,2025-06-25T00:00:00.000Z,,4,1,0,1,0,"2,W,F,T",2025-04-01T00:00:00.000Z,https://www.fema.gov/disaster/4874,https://gis.fema.gov/maps/dec_4874.zip,https://gis.fema.gov/maps/dec_4874.kmz,https://gis.fema.gov/geoserver/FEMA/ows?service=WFS&version=1.0.0&request=GetFeature&typeName=FEMA%3ACURRENT_DISASTER_DECLARATIONS&maxFeatures=500&outputFormat=application%2Fjson&CQL_FILTER=dec_number%3D%27DR-4874%27,fe02e1ac-b5e2-41d7-9cc7-d49dc4361bb6,e1760c3e57e3e8147b827d0a30ef2380b76926b5,2025-06-25T23:02:07.624Z
4885,2025-07-22T00:00:00.000Z,SEVERE STORMS AND FLOODING,2025-05-23T00:00:00.000Z,2025-05-26T00:00:00.000Z,Major Disaster,MO,Missouri                      ,Severe Storm,1,,1,,1,2025-07-23T00:00:00.000Z,2025-07-23T00:00:00.000Z,,7,0,0,1,0,"W,F",2025-06-21T00:00:00.000Z,https://www.fema.gov/disaster/4885,https://gis.fema.gov/maps/dec_4885.zip,https://gis.fema.gov/maps/dec_4885.kmz,https://gis.fema.gov/geoserver/FEMA/ows?service=WFS&version=1.0.0&request=GetFeature&typeName=FEMA%3ACURRENT_DISASTER_DECLARATIONS&maxFeatures=500&outputFormat=application%2Fjson&CQL_FILTER=dec_number%3D%27DR-4885%27,c9efd205-7040-45c8-87d7-ad4d4d388a5c,1d8880f9e93dd425ec3cf88179b59d0fc09c0c7a,2025-07-23T04:21:28.434Z
4877,2025-06-09T00:00:00.000Z,"SEVERE STORMS, STRAIGHT-LINE WINDS, TORNADOES, AND FLOODING",2025-05-16T00:00:00.000Z,2025-05-16T00:00:00.000Z,Major Disaster,MO,Missouri                      ,Severe Storm,1,,1,,1,2025-06-10T00:00:00.000Z,2025-06-10T00:00:00.000Z,,7,1,0,1,0,"2,W,F,T",2025-05-25T00:00:00.000Z,https://www.fema.gov/disaster/4877,https://gis.fema.gov/maps/dec_4877.zip,https://gis.fema.gov/maps/dec_4877.kmz,https://gis.fema.gov/geoserver/FEMA/ows?service=WFS&version=1.0.0&request=GetFeature&typeName=FEMA%3ACURRENT_DISASTER_DECLARATIONS&maxFeatures=500&outputFormat=application%2Fjson&CQL_FILTER=dec_number%3D%27DR-4877%27,26dcec42-65ac-46c4-8223-c913d61bde49,9dda1609096061695083d972898b4c31e4ca3da8,2025-06-10T03:01:20.784Z
4876,2025-06-09T00:00:00.000Z,"SEVERE STORMS, STRAIGHT-LINE WINDS, TORNADOES, AND FLOODING",2025-04-29T00:00:00.000Z,2025-04-29T00:00:00.000Z,Major Disaster,MO,Missouri                      ,Severe Storm,1,,1,,1,2025-06-10T00:00:00.000Z,2025-06-10T00:00:00.000Z,,7,0,0,1,0,W,2025-05-19T00:00:00.000Z,https://www.fema.gov/disaster/4876,https://gis.fema.gov/maps/dec_4876.zip,https://gis.fema.gov/maps/dec_4876.kmz,https://gis.fema.gov/geoserver/FEMA/ows?service=WFS&version=1.0.0&request=GetFeature&typeName=FEMA%3ACURRENT_DISASTER_DECLARATIONS&maxFeatures=500&outputFormat=application%2Fjson&CQL_FILTER=dec_number%3D%27DR-4876%27,692482e2-c96b-4d39-b3ff-49dd97739e15,5241c96ccde8c360066544ef607ece73da4ed7fe,2025-06-10T02:41:23.227Z
4872,2025-05-21T00:00:00.000Z,"SEVERE STORMS, STRAIGHT-LINE WINDS, TORNADOES, AND FLOODING",2025-03-30T00:00:00.000Z,2025-04-08T00:00:00.000Z,Major Disaster,MO,Missouri                      ,Severe Storm,1,,1,,1,2025-05-23T00:00:00.000Z,2025-10-23T00:00:00.000Z,,7,1,0,1,0,"2,W,Z,F,T",2025-04-30T00:00:00.000Z,https://www.fema.gov/disaster/4872,https://gis.fema.gov/maps/dec_4872.zip,https://gis.fema.gov/maps/dec_4872.kmz,https://gis.fema.gov/geoserver/FEMA/ows?service=WFS&version=1.0.0&request=GetFeature&typeName=FEMA%3ACURRENT_DISASTER_DECLARATIONS&maxFeatures=500&outputFormat=application%2Fjson&CQL_FILTER=dec_number%3D%27DR-4872%27,fb852308-583b-45fd-a8ae-9b182361e771,fefa5043fa1ed73c8b5c47fabe30f23f2d4d81de,2025-10-23T21:21:22.169Z
4867,2025-05-21T00:00:00.000Z,"SEVERE STORMS, STRAIGHT-LINE WINDS, TORNADOES, AND WILDFIRES",2025-03-14T00:00:00.000Z,2025-03-15T00:00:00.000Z,Major Disaster,MO,Missouri                      ,Severe Storm,1,,1,,1,2025-05-23T00:00:00.000Z,2025-06-24T00:00:00.000Z,,7,1,0,1,0,"2,R,W,T",2025-04-02T00:00:00.000Z,https://www.fema.gov/disaster/4867,https://gis.fema.gov/maps/dec_4867.zip,https://gis.fema.gov/maps/dec_4867.kmz,https://gis.fema.gov/geoserver/FEMA/ows?service=WFS&version=1.0.0&request=GetFeature&typeName=FEMA%3ACURRENT_DISASTER_DECLARATIONS&maxFeatures=500&outputFormat=application%2Fjson&CQL_FILTER=dec_number%3D%27DR-4867%27,306e1912-be11-4d6f-b05c-d4f39b708ecd,d73091c80210cd6ced50660d802b05f16b52b3f9,2025-06-24T14:21:59.080Z
4887,2025-09-11T00:00:00.000Z,"SEVERE STORMS, STRAIGHT-LINE WINDS, AND FLOODING",2025-05-18T00:00:00.000Z,2025-05-22T00:00:00.000Z,Major Disaster,MT,Montana                       ,Flood,1,,1,,1,2025-09-12T00:00:00.000Z,2025-09-12T00:00:00.000Z,,8,0,0,1,0,"2,W,F",2025-07-17T00:00:00.000Z,https://www.fema.gov/disaster/4887,https://gis.fema.gov/maps/dec_4887.zip,https://gis.fema.gov/maps/dec_4887.kmz,https://gis.fema.gov/geoserver/FEMA/ows?service=WFS&version=1.0.0&request=GetFeature&typeName=FEMA%3ACURRENT_DISASTER_DECLARATIONS&maxFeatures=500&outputFormat=application%2Fjson&CQL_FILTER=dec_number%3D%27DR-4887%27,a4d3667a-9767-4905-8f6c-ae51084a551f,ed8b28495ec224b09c182d00ba76ec1baceb4b6b,2025-09-12T01:41:17.743Z
4896,2025-10-22T00:00:00.000Z,"SEVERE STORMS, STRAIGHT-LINE WINDS, AND FLOODING",2025-08-08T00:00:00.000Z,2025-08-10T00:00:00.000Z,Major Disaster,NE,Nebraska                      ,Severe Storm,1,,1,,1,2025-10-23T00:00:00.000Z,2025-10-23T00:00:00.000Z,,7,0,0,1,0,W,2025-09-04T00:00:00.000Z,https://www.fema.gov/disaster/4896,https://gis.fema.gov/maps/dec_4896.zip,https://gis.fema.gov/maps/dec_4896.kmz,https://gis.fema.gov/geoserver/FEMA/ows?service=WFS&version=1.0.0&request=GetFeature&typeName=FEMA%3ACURRENT_DISASTER_DECLARATIONS&maxFeatures=500&outputFormat=application%2Fjson&CQL_FILTER=dec_number%3D%27DR-4896%27,271116de-d85e-4048-ab55-da6faa53f710,c2dedf429e4ede61274b16fac4ae47fb3b53f977,2025-10-23T03:21:28.225Z
4868,2025-05-21T00:00:00.000Z,SEVERE WINTER STORM AND STRAIGHT-LINE WINDS,2025-03-18T00:00:00.000Z,2025-03-19T00:00:00.000Z,Major Disaster,NE,Nebraska                      ,Winter Storm,1,,1,,1,2025-05-23T00:00:00.000Z,2025-06-13T00:00:00.000Z,,7,0,0,1,0,5,2025-04-11T00:00:00.000Z,https://www.fema.gov/disaster/4868,https://gis.fema.gov/maps/dec_4868.zip,https://gis.fema.gov/maps/dec_4868.kmz,https://gis.fema.gov/geoserver/FEMA/ows?service=WFS&version=1.0.0&request=GetFeature&typeName=FEMA%3ACURRENT_DISASTER_DECLARATIONS&maxFeatures=500&outputFormat=application%2Fjson&CQL_FILTER=dec_number%3D%27DR-4868%27,feb91656-ca32-4293-b52e-a93e4c0ea21f,dc4281936aba2df0ccf3bebcfbde040d04f40a64,2025-06-13T23:02:04.628Z
4886,2025-07-22T00:00:00.000Z,"SEVERE STORMS, FLOODING, AND LANDSLIDES",2025-06-23T00:00:00.000Z,2025-08-05T00:00:00.000Z,Major Disaster,NM,New Mexico                    ,Flood,,1,,1,,2025-07-23T00:00:00.000Z,2025-08-18T00:00:00.000Z,,6,1,0,1,0,"M,F",2025-07-08T00:00:00.000Z,https://www.fema.gov/disaster/4886,https://gis.fema.gov/maps/dec_4886.zip,https://gis.fema.gov/maps/dec_4886.kmz,https://gis.fema.gov/geoserver/FEMA/ows?service=WFS&version=1.0.0&request=GetFeature&typeName=FEMA%3ACURRENT_DISASTER_DECLARATIONS&maxFeatures=500&outputFormat=application%2Fjson&CQL_FILTER=dec_number%3D%27DR-4886%27,6c04b4c9-82b3-4b8f-97d3-93a50588b3b6,ad72e2f9542209e818479691421d2c2e9813047a,2025-08-18T21:02:17.439Z
4889,2025-09-11T00:00:00.000Z,TROPICAL DEPRESSION CHANTAL,2025-07-06T00:00:00.000Z,2025-07-07T00:00:00.000Z,Major Disaster,NC,North Carolina                ,Tropical Depression,1,1,,,,2025-09-12T00:00:00.000Z,2025-09-12T00:00:00.000Z,,4,0,0,1,0,"4,8",2025-08-05T00:00:00.000Z,https://www.fema.gov/disaster/4889,https://gis.fema.gov/maps/dec_4889.zip,https://gis.fema.gov/maps/dec_4889.kmz,https://gis.fema.gov/geoserver/FEMA/ows?service=WFS&version=1.0.0&request=GetFeature&typeName=FEMA%3ACURRENT_DISASTER_DECLARATIONS&maxFeatures=500&outputFormat=application%2Fjson&CQL_FILTER=dec_number%3D%27DR-4889%27,06242426-eeb0-4cd4-aabe-9fea91c2ddca,760e46ace12985ddbc233c078c72a71c44fc2124,2025-09-12T02:21:19.222Z
4895,2025-10-22T00:00:00.000Z,"SEVERE STORMS, STRAIGHT-LINE WINDS, AND TORNADOES",2025-08-07T00:00:00.000Z,2025-08-08T00:00:00.000Z,Major Disaster,ND,North Dakota                  ,Severe Storm,1,,1,,1,2025-10-23T00:00:00.000Z,2025-10-23T00:00:00.000Z,,8,0,0,1,0,"2,W,T",2025-09-04T00:00:00.000Z,https://www.fema.gov/disaster/4895,https://gis.fema.gov/maps/dec_4895.zip,https://gis.fema.gov/maps/dec_4895.kmz,https://gis.fema.gov/geoserver/FEMA/ows?service=WFS&version=1.0.0&request=GetFeature&typeName=FEMA%3ACURRENT_DISASTER_DECLARATIONS&maxFeatures=500&outputFormat=application%2Fjson&CQL_FILTER=dec_number%3D%27DR-4895%27,e8b9f709-2723-4c22-b209-48f60d5a52a8,af1ad6ed17446bf9a0c6aba98942e50cda17f578,2025-10-23T03:41:11.466Z
4888,2025-09-11T00:00:00.000Z,"SEVERE STORM, TORNADOES, AND STRAIGHT-LINE WINDS",2025-06-20T00:00:00.000Z,2025-06-21T00:00:00.000Z,Major Disaster,ND,North Dakota                  ,Severe Storm,1,,1,,1,2025-09-12T00:00:00.000Z,2025-09-12T00:00:00.000Z,,8,0,0,1,0,"2,W,T",2025-07-21T00:00:00.000Z,https://www.fema.gov/disaster/4888,https://gis.fema.gov/maps/dec_4888.zip,https://gis.fema.gov/maps/dec_4888.kmz,https://gis.fema.gov/geoserver/FEMA/ows?service=WFS&version=1.0.0&request=GetFeature&typeName=FEMA%3ACURRENT_DISASTER_DECLARATIONS&maxFeatures=500&outputFormat=application%2Fjson&CQL_FILTER=dec_number%3D%27DR-4888%27,b6ce6452-0fa5-4eab-a676-25cc54cb8b20,81659aa088743cdb5088f8118aa9b49ab3e95eac,2025-09-12T01:41:17.743Z
4866,2025-05-21T00:00:00.000Z,WILDFIRES AND STRAIGHT-LINE WINDS,2025-03-14T00:00:00.000Z,2025-03-21T00:00:00.000Z,Major Disaster,OK,Oklahoma                      ,Fire,1,,1,,1,2025-05-23T00:00:00.000Z,2025-05-23T00:00:00.000Z,,6,1,0,0,0,"2,R",2025-03-21T00:00:00.000Z,https://www.fema.gov/disaster/4866,https://gis.fema.gov/maps/dec_4866.zip,https://gis.fema.gov/maps/dec_4866.kmz,https://gis.fema.gov/geoserver/FEMA/ows?service=WFS&version=1.0.0&request=GetFeature&typeName=FEMA%3ACURRENT_DISASTER_DECLARATIONS&maxFeatures=500&outputFormat=application%2Fjson&CQL_FILTER=dec_number%3D%27DR-4866%27,c8f32a34-ad1d-40a7-a418-4ea9e019fa95,a17e975f53b4489ca7888f1309bd438f09f28d85,2025-05-23T12:21:25.868Z
4881,2025-07-22T00:00:00.000Z,"SEVERE STORMS, FLOODING, LANDSLIDES, AND MUDSLIDES",2025-03-13T00:00:00.000Z,2025-03-20T00:00:00.000Z,Major Disaster,OR,Oregon                        ,Severe Storm,,1,,1,,2025-07-23T00:00:00.000Z,2025-08-28T00:00:00.000Z,,10,0,0,1,0,"M,W,F",2025-05-19T00:00:00.000Z,https://www.fema.gov/disaster/4881,https://gis.fema.gov/maps/dec_4881.zip,https://gis.fema.gov/maps/dec_4881.kmz,https://gis.fema.gov/geoserver/FEMA/ows?service=WFS&version=1.0.0&request=GetFeature&typeName=FEMA%3ACURRENT_DISASTER_DECLARATIONS&maxFeatures=500&outputFormat=application%2Fjson&CQL_FILTER=dec_number%3D%27DR-4881%27,e1eb9fc2-3eef-4590-96b9-79b508489f8f,507b65f2f177ed4e65f7a0a30b9a3c915319ac8f,2025-08-28T21:41:15.613Z
4890,2025-09-11T00:00:00.000Z,SEVERE STORM AND FLOODING,2025-06-12T00:00:00.000Z,2025-06-16T00:00:00.000Z,Major Disaster,SD,South Dakota                  ,Flood,1,,1,,1,2025-09-12T00:00:00.000Z,2025-09-12T00:00:00.000Z,,8,1,0,1,0,"W,F",2025-08-05T00:00:00.000Z,https://www.fema.gov/disaster/4890,https://gis.fema.gov/maps/dec_4890.zip,https://gis.fema.gov/maps/dec_4890.kmz,https://gis.fema.gov/geoserver/FEMA/ows?service=WFS&version=1.0.0&request=GetFeature&typeName=FEMA%3ACURRENT_DISASTER_DECLARATIONS&maxFeatures=500&outputFormat=application%2Fjson&CQL_FILTER=dec_number%3D%27DR-4890%27,a6f4fa5c-4c99-42a7-9534-02eb80cdd25d,5e09ab5d55ef3c377706992787c99de9bc1ec872,2025-09-12T02:41:26.712Z
4898,2026-02-06T00:00:00.000Z,SEVERE WINTER STORM,2026-01-22T00:00:00.000Z,2026-01-27T00:00:00.000Z,Major Disaster,TN,Tennessee                     ,Winter Storm,1,,1,,1,2026-02-06T00:00:00.000Z,2026-03-09T00:00:00.000Z,,4,0,0,1,0,"5,W",2026-01-28T00:00:00.000Z,https://www.fema.gov/disaster/4898,https://gis.fema.gov/maps/dec_4898.zip,https://gis.fema.gov/maps/dec_4898.kmz,https://gis.fema.gov/geoserver/FEMA/ows?service=WFS&version=1.0.0&request=GetFeature&typeName=FEMA%3ACURRENT_DISASTER_DECLARATIONS&maxFeatures=500&outputFormat=application%2Fjson&CQL_FILTER=dec_number%3D%27DR-4898%27,87bdfb12-f05d-42f3-b837-4744c443f804,8a83e71fc4bebf4e651c194a56f7176db93b2461,2026-03-09T21:41:16.998Z
4878,2025-06-19T00:00:00.000Z,"SEVERE STORMS, STRAIGHT-LINE WINDS, TORNADOES, AND FLOODING",2025-04-02T00:00:00.000Z,2025-04-24T00:00:00.000Z,Major Disaster,TN,Tennessee                     ,Severe Storm,1,,1,,1,2025-06-20T00:00:00.000Z,2025-07-29T00:00:00.000Z,,4,1,0,1,0,"2,W,F,T",2025-04-17T00:00:00.000Z,https://www.fema.gov/disaster/4878,https://gis.fema.gov/maps/dec_4878.zip,https://gis.fema.gov/maps/dec_4878.kmz,https://gis.fema.gov/geoserver/FEMA/ows?service=WFS&version=1.0.0&request=GetFeature&typeName=FEMA%3ACURRENT_DISASTER_DECLARATIONS&maxFeatures=500&outputFormat=application%2Fjson&CQL_FILTER=dec_number%3D%27DR-4878%27,56675db5-5d01-4526-ad5a-dbe50f194c91,f716b4511441483d0d7d87de9a7d9a6cefd40aa9,2025-07-29T22:01:41.878Z
4879,2025-07-06T00:00:00.000Z,"SEVERE STORMS, STRAIGHT-LINE WINDS, AND FLOODING",2025-07-02T00:00:00.000Z,2025-07-18T00:00:00.000Z,Major Disaster,TX,Texas                         ,Flood,1,,1,,1,2025-07-06T00:00:00.000Z,2025-08-19T00:00:00.000Z,,6,1,0,1,0,"2,W,F",2025-07-05T00:00:00.000Z,https://www.fema.gov/disaster/4879,https://gis.fema.gov/maps/dec_4879.zip,https://gis.fema.gov/maps/dec_4879.kmz,https://gis.fema.gov/geoserver/FEMA/ows?service=WFS&version=1.0.0&request=GetFeature&typeName=FEMA%3ACURRENT_DISASTER_DECLARATIONS&maxFeatures=500&outputFormat=application%2Fjson&CQL_FILTER=dec_number%3D%27DR-4879%27,41505fa4-19c9-4677-92d5-fee67e29f959,e14e59f40d0be57fb6ab9e6761ff2179636b669c,2025-08-19T21:22:03.992Z
4871,2025-05-21T00:00:00.000Z,SEVERE STORMS AND FLOODING,2025-03-26T00:00:00.000Z,2025-03-28T00:00:00.000Z,Major Disaster,TX,Texas                         ,Flood,1,,1,,1,2025-05-23T00:00:00.000Z,2025-05-23T00:00:00.000Z,,6,1,0,0,0,"W,F",2025-04-17T00:00:00.000Z,https://www.fema.gov/disaster/4871,https://gis.fema.gov/maps/dec_4871.zip,https://gis.fema.gov/maps/dec_4871.kmz,https://gis.fema.gov/geoserver/FEMA/ows?service=WFS&version=1.0.0&request=GetFeature&typeName=FEMA%3ACURRENT_DISASTER_DECLARATIONS&maxFeatures=500&outputFormat=application%2Fjson&CQL_FILTER=dec_number%3D%27DR-4871%27,7ce8a9f9-b790-417e-a817-801d2080d212,a7ce4bb216961772091759d00350998712e9b21c,2025-05-23T14:41:19.170Z
4863,2025-04-04T00:00:00.000Z,SEVERE WINTER STORMS AND FLOODING,2025-02-10T00:00:00.000Z,2025-02-18T00:00:00.000Z,Major Disaster,VA,Virginia                      ,Severe Storm,,1,,1,,2025-04-08T00:00:00.000Z,2025-04-28T00:00:00.000Z,,3,0,0,1,0,"5,W,F,T",2025-02-16T00:00:00.000Z,https://www.fema.gov/disaster/4863,https://gis.fema.gov/maps/dec_4863.zip,https://gis.fema.gov/maps/dec_4863.kmz,https://gis.fema.gov/geoserver/FEMA/ows?service=WFS&version=1.0.0&request=GetFeature&typeName=FEMA%3ACURRENT_DISASTER_DECLARATIONS&maxFeatures=500&outputFormat=application%2Fjson&CQL_FILTER=dec_number%3D%27DR-4863%27,2dc62401-caef-4bca-a4e8-d39e5a87e725,7debc4cfef03f0f4743856f3d890d007e0664bc2,2025-04-28T19:21:33.415Z
4884,2025-07-22T00:00:00.000Z,"SEVERE STORMS, STRAIGHT-LINE WINDS, FLOODING, LANDSLIDES, AND MUDSLIDES",2025-06-14T00:00:00.000Z,2025-06-15T00:00:00.000Z,Major Disaster,WV,West Virginia                 ,Flood,1,,1,,1,2025-07-23T00:00:00.000Z,2025-09-12T00:00:00.000Z,,3,1,0,1,0,"2,M,W,F",2025-06-20T00:00:00.000Z,https://www.fema.gov/disaster/4884,https://gis.fema.gov/maps/dec_4884.zip,https://gis.fema.gov/maps/dec_4884.kmz,https://gis.fema.gov/geoserver/FEMA/ows?service=WFS&version=1.0.0&request=GetFeature&typeName=FEMA%3ACURRENT_DISASTER_DECLARATIONS&maxFeatures=500&outputFormat=application%2Fjson&CQL_FILTER=dec_number%3D%27DR-4884%27,57cac111-a371-4b5f-9b20-856ea51a3cd8,2c9a4f1929a8d9df77ceecbc1cfc76b5fe59963a,2025-09-12T02:41:26.712Z
4861,2025-02-26T00:00:00.000Z,"SEVERE STORM, STRAIGHT-LINE WINDS, FLOODING, LANDSLIDES, AND MUDSLIDES",2025-02-15T00:00:00.000Z,2025-02-18T00:00:00.000Z,Major Disaster,WV,West Virginia                 ,Severe Storm,1,,1,,1,2025-02-26T00:00:00.000Z,2025-12-22T00:00:00.000Z,,3,1,0,1,1,"2,M,W,F",2025-02-17T00:00:00.000Z,https://www.fema.gov/disaster/4861,https://gis.fema.gov/maps/dec_4861.zip,https://gis.fema.gov/maps/dec_4861.kmz,https://gis.fema.gov/geoserver/FEMA/ows?service=WFS&version=1.0.0&request=GetFeature&typeName=FEMA%3ACURRENT_DISASTER_DECLARATIONS&maxFeatures=500&outputFormat=application%2Fjson&CQL_FILTER=dec_number%3D%27DR-4861%27,378287ba-694e-4765-8c86-6305682f3a88,b72bae1b20d76bd1566d9d32e053aaad6dfb4141,2025-12-22T15:41:19.201Z
4892,2025-09-11T00:00:00.000Z,"SEVERE STORMS, STRAIGHT-LINE WINDS, FLOODING, AND MUDSLIDES",2025-08-09T00:00:00.000Z,2025-08-12T00:00:00.000Z,Major Disaster,WI,Wisconsin                     ,Flood,1,1,,,,2025-09-12T00:00:00.000Z,2025-09-12T00:00:00.000Z,,5,1,0,0,0,"W,F",2025-08-27T00:00:00.000Z,https://www.fema.gov/disaster/4892,https://gis.fema.gov/maps/dec_4892.zip,https://gis.fema.gov/maps/dec_4892.kmz,https://gis.fema.gov/geoserver/FEMA/ows?service=WFS&version=1.0.0&request=GetFeature&typeName=FEMA%3ACURRENT_DISASTER_DECLARATIONS&maxFeatures=500&outputFormat=application%2Fjson&CQL_FILTER=dec_number%3D%27DR-4892%27,cdf83069-e181-44b8-81e4-9a0462c621c5,21e1142a2f0aad2acb6837bd24564c4ca6a419bc,2025-09-12T03:21:25.912Z
5597,2025-07-06T00:00:00.000Z,NENANA RIDGE COMPLEX,2025-07-04T00:00:00.000Z,2025-07-23T00:00:00.000Z,Fire Management,AK,Alaska                        ,Fire,1,,1,,1,2025-07-08T00:00:00.000Z,2025-10-27T00:00:00.000Z,,10,0,0,1,1,R,2025-07-05T00:00:00.000Z,https://www.fema.gov/disaster/5597,,,,d7dbef71-c97a-4090-802f-2e00f99487c5,d1d02ff4b2c0f2725ad16d0075858a0ecd8cd086,2025-10-27T16:01:20.702Z
5595,2025-06-23T00:00:00.000Z,BEAR CREEK FIRE ,2025-06-22T00:00:00.000Z,2025-07-14T00:00:00.000Z,Fire Management,AK,Alaska                        ,Fire,1,,1,,1,2025-06-23T00:00:00.000Z,2025-10-27T00:00:00.000Z,,10,0,0,1,1,R,2025-06-23T00:00:00.000Z,https://www.fema.gov/disaster/5595,,,,3597fae7-f488-4a23-a3a2-f6418a1a9349,476f2f90d4c2a5063c8c2dcafecbe37be853452b,2025-10-27T16:01:20.702Z
5596,2025-06-23T00:00:00.000Z,HIMALAYA ROAD FIRE ,2025-06-21T00:00:00.000Z,2025-06-26T00:00:00.000Z,Fire Management,AK,Alaska                        ,Fire,1,,1,,1,2025-06-24T00:00:00.000Z,2025-10-27T00:00:00.000Z,,10,0,0,1,1,R,2025-06-23T00:00:00.000Z,https://www.fema.gov/disaster/5596,,,,48369d6f-1f62-45c0-a941-6d7969e9570f,181d44fd49998718f151ad7dbbeb497bb762d3b0,2025-10-27T16:01:20.702Z
5585,2025-05-22T00:00:00.000Z,CODY FIRE,2025-05-21T00:00:00.000Z,2025-05-27T00:00:00.000Z,Fire Management,AZ,Arizona                       ,Fire,1,1,,1,,2025-05-23T00:00:00.000Z,2026-01-27T00:00:00.000Z,,9,0,0,1,1,R,2025-05-21T00:00:00.000Z,https://www.fema.gov/disaster/5585,,,,15d48024-c427-4c78-8428-75bbc9b34c43,dc3b7508827e6b5cffc1f6adf487916a00bf8b4b,2026-01-27T18:01:19.106Z
5584,2025-05-14T00:00:00.000Z,GREER FIRE,2025-05-14T00:00:00.000Z,2025-05-20T00:00:00.000Z,Fire Management,AZ,Arizona                       ,Fire,1,1,,1,,2025-05-19T00:00:00.000Z,2026-01-27T00:00:00.000Z,,9,0,0,1,1,R,2025-05-14T00:00:00.000Z,https://www.fema.gov/disaster/5584,,,,40332369-b30f-489f-9c94-ea623b5ef641,bdf695840156ff566e82c4a22264c80777b892ca,2026-01-27T18:01:19.106Z
5612,2025-09-03T00:00:00.000Z,2-7 FIRE,2025-09-02T00:00:00.000Z,,Fire Management,CA,California                    ,Fire,,1,,1,,2025-09-03T00:00:00.000Z,2025-09-03T00:00:00.000Z,,9,0,0,1,0,R,2025-09-02T00:00:00.000Z,https://www.fema.gov/disaster/5612,,,,389a8064-470d-4ccc-8a3c-1ad2fde57356,55af5838e7abf91c88c7095ed319ded3cd817d98,2025-09-03T18:41:23.192Z
5605,2025-08-08T00:00:00.000Z,CANYON FIRE,2025-08-07T00:00:00.000Z,,Fire Management,CA,California                    ,Fire,,1,,1,,2025-08-08T00:00:00.000Z,2025-08-09T00:00:00.000Z,,9,0,0,1,0,R,2025-08-07T00:00:00.000Z,https://www.fema.gov/disaster/5605,,,,91ca43a9-2215-4828-9611-0f53a68269c3,0fa8ae5abac009a2a45cc8ad570db035de9743d6,2025-08-09T00:22:04.367Z
5551,2025-01-08T00:00:00.000Z,HURST FIRE,2025-01-07T00:00:00.000Z,,Fire Management,CA,California                    ,Fire,,1,,1,,2025-01-08T00:00:00.000Z,2025-01-08T00:00:00.000Z,,9,0,0,1,1,R,2025-01-08T00:00:00.000Z,https://www.fema.gov/disaster/5551,,,,57d63321-ba14-4c4d-80cb-b9e71448ee5f,d424d770d9044d5f640c36ae66620c932c1d06bf,2025-03-11T19:21:45.366Z
5550,2025-01-08T00:00:00.000Z,EATON FIRE,2025-01-07T00:00:00.000Z,,Fire Management,CA,California                    ,Fire,,1,,1,,2025-01-08T00:00:00.000Z,2025-01-08T00:00:00.000Z,,9,0,0,1,1,R,2025-01-07T00:00:00.000Z,https://www.fema.gov/disaster/5550,,,,d5fffe32-0ced-4a64-86e5-3a7ccdf0652a,ec1992fb183430897ff60a8dc6d9d027df779a9e,2025-03-11T19:21:45.366Z
5549,2025-01-07T00:00:00.000Z,PALISADES FIRE,2025-01-07T00:00:00.000Z,,Fire Management,CA,California                    ,Fire,,1,,1,,2025-01-08T00:00:00.000Z,2025-01-08T00:00:00.000Z,,9,0,0,1,1,R,2025-01-07T00:00:00.000Z,https://www.fema.gov/disaster/5549,,,,d09734f8-4062-4668-93e7-cc492a4dda86,386d30f79a6034b85940c5e12c4b3d9e0b958bbb,2025-03-11T19:21:45.366Z
5606,2025-08-11T00:00:00.000Z,OAK FIRE,2025-08-10T00:00:00.000Z,,Fire Management,CO,Colorado                      ,Fire,,1,,1,,2025-08-13T00:00:00.000Z,2025-08-13T00:00:00.000Z,,8,0,0,1,0,R,2025-08-11T00:00:00.000Z,https://www.fema.gov/disaster/5606,,,,c1216f90-c633-411f-b493-fdf6cd8e7c28,f25ac2a7e57250b7e67eb76adb69aad8e95c2c6a,2025-08-13T13:42:06.943Z
5604,2025-08-06T00:00:00.000Z,ELK FIRE,2025-08-02T00:00:00.000Z,,Fire Management,CO,Colorado                      ,Fire,,1,,1,,2025-08-08T00:00:00.000Z,2025-08-08T00:00:00.000Z,,8,0,0,1,0,R,2025-08-06T00:00:00.000Z,https://www.fema.gov/disaster/5604,,,,ce035f1f-cb52-479b-b4f6-c017c2183d57,f74b6c62c3fd8b8691472eef3d76c3f18da80ef3,2025-08-08T19:42:13.655Z
5603,2025-08-06T00:00:00.000Z,LEE FIRE,2025-08-02T00:00:00.000Z,,Fire Management,CO,Colorado                      ,Fire,,1,,1,,2025-08-08T00:00:00.000Z,2025-08-08T00:00:00.000Z,,8,0,0,1,0,R,2025-08-06T00:00:00.000Z,https://www.fema.gov/disaster/5603,,,,3c3461dd-6faf-47ee-bfea-cb7f003eab16,9e2d6c9fa7752feb6cd3c6305bb0569e70ca5026,2025-08-08T19:42:13.655Z
5613,2025-09-23T00:00:00.000Z,HOLOMUA FIRE,2025-09-23T00:00:00.000Z,2025-09-23T00:00:00.000Z,Fire Management,HI,Hawaii                        ,Fire,,1,,1,,2025-09-25T00:00:00.000Z,2025-10-02T00:00:00.000Z,,9,0,0,1,0,R,2025-09-23T00:00:00.000Z,https://www.fema.gov/disaster/5613,,,,0fb92977-275c-483f-9f33-6132f063f68a,5ddb0e4732c3c3ab1e4d8f42469c3e9164fed6e6,2025-10-02T18:41:24.269Z
5609,2025-08-19T00:00:00.000Z,KUNIA ROAD FIRE,2025-08-19T00:00:00.000Z,,Fire Management,HI,Hawaii                        ,Fire,,1,,1,,2025-08-21T00:00:00.000Z,2025-08-21T00:00:00.000Z,,9,0,0,1,0,R,2025-08-19T00:00:00.000Z,https://www.fema.gov/disaster/5609,,,,66555d6f-e2ca-4b9d-a208-b19e0da54db1,325abc72c1b5c1dc8e9104655c770cadee6cba92,2025-08-21T18:22:19.328Z
5607,2025-08-15T00:00:00.000Z,SUNSET FIRE,2025-08-14T00:00:00.000Z,2025-09-01T00:00:00.000Z,Fire Management,ID,Idaho                         ,Fire,1,,1,,1,2025-08-15T00:00:00.000Z,2025-10-27T00:00:00.000Z,,10,0,0,1,0,R,2025-08-15T00:00:00.000Z,https://www.fema.gov/disaster/5607,,,,65f962db-fe47-4d8b-bbea-1b41b530700b,90dc31e1c4bcf3abbc9ea2fd3f20d2272617c1a4,2025-10-27T15:01:24.676Z
5556,2025-03-14T00:00:00.000Z,YATES CENTER FIRE,2025-03-14T00:00:00.000Z,2025-03-16T00:00:00.000Z,Fire Management,KS,Kansas                        ,Fire,1,,1,,,2025-03-17T00:00:00.000Z,2025-03-28T00:00:00.000Z,,7,0,0,1,1,R,2025-03-14T00:00:00.000Z,https://www.fema.gov/disaster/5556,,,,9b757da5-2eb5-479e-b1d0-9d56d8efed28,280c1ecee43ca5bb37012809b115c9272cd38972,2025-03-28T11:41:56.148Z
5583,2025-05-14T00:00:00.000Z,MUNGER SHAW FIRE,2025-05-12T00:00:00.000Z,2025-05-20T00:00:00.000Z,Fire Management,MN,Minnesota                     ,Fire,,1,,1,,2025-05-19T00:00:00.000Z,2026-01-27T00:00:00.000Z,,5,0,0,1,1,R,2025-05-14T00:00:00.000Z,https://www.fema.gov/disaster/5583,,,,a7842e20-6ece-4fed-a2d7-1409f857dbe4,76f356ae0a914dfdab87770e7b39698027af2057,2026-01-27T17:21:16.382Z
5611,2025-08-26T00:00:00.000Z,WINDY ROCK FIRE,2025-08-26T00:00:00.000Z,2025-09-19T00:00:00.000Z,Fire Management,MT,Montana                       ,Fire,1,,1,,1,2025-08-28T00:00:00.000Z,2025-12-16T00:00:00.000Z,,8,0,0,1,0,R,2025-08-26T00:00:00.000Z,https://www.fema.gov/disaster/5611,,,,62b13a23-34bc-471e-b41e-f619fce5702d,381d9a99557f772e1e53f1946e40a34d77330d10,2025-12-16T17:21:20.782Z
5623,2026-03-13T00:00:00.000Z,MORRILL-COTTONWOOD FIRE,2026-03-12T00:00:00.000Z,,Fire Management,NE,Nebraska                      ,Fire,1,,1,,1,2026-03-17T00:00:00.000Z,2026-03-17T00:00:00.000Z,,7,0,0,1,0,R,2026-03-13T00:00:00.000Z,https://www.fema.gov/disaster/5623,,,,c8a4558b-ab1a-4f96-ac31-f5ece49584f1,136dcecad28505bbffe7587eee31e7cd5a14ae0f,2026-03-17T16:41:14.891Z
5602,2025-08-02T00:00:00.000Z,PEAVINE FIRE,2025-08-02T00:00:00.000Z,2025-08-04T00:00:00.000Z,Fire Management,NV,Nevada                        ,Fire,1,,1,,,2025-08-05T00:00:00.000Z,2025-12-16T00:00:00.000Z,,9,0,0,1,0,R,2025-08-02T00:00:00.000Z,https://www.fema.gov/disaster/5602,,,,21a71bcc-1968-4e4c-a218-e896bfb9418c,1b0001785f7e53fd3ed6c08c1af42a00c206c63f,2025-12-16T16:41:29.463Z
5592,2025-06-20T00:00:00.000Z,CONNER FIRE,2025-06-20T00:00:00.000Z,2025-06-24T00:00:00.000Z,Fire Management,NV,Nevada                        ,Fire,1,,1,,,2025-06-23T00:00:00.000Z,2025-07-08T00:00:00.000Z,,9,0,0,1,1,R,2025-06-20T00:00:00.000Z,https://www.fema.gov/disaster/5592,,,,8bda72ac-76bd-4ee1-afce-d2aad6999866,4db7622522c1dbb59d32ece2d41d818d05d0382f,2025-07-08T19:42:09.085Z
5586,2025-06-10T00:00:00.000Z,MARIE FIRE,2025-06-10T00:00:00.000Z,2025-06-12T00:00:00.000Z,Fire Management,NV,Nevada                        ,Fire,1,,1,,,2025-06-12T00:00:00.000Z,2025-06-24T00:00:00.000Z,,9,0,0,1,1,R,2025-06-10T00:00:00.000Z,https://www.fema.gov/disaster/5586,,,,66a23ad5-7bc0-49d7-a185-1de69e121dfa,0020bb96d24048ab370c12ecb7715e15abf0b133,2025-06-24T20:22:06.342Z
5581,2025-04-24T00:00:00.000Z,JONES ROAD FIRE,2025-04-22T00:00:00.000Z,,Fire Management,NJ,New Jersey                    ,Fire,,1,,1,,2025-04-25T00:00:00.000Z,2025-04-25T00:00:00.000Z,,2,0,0,1,1,R,2025-04-22T00:00:00.000Z,https://www.fema.gov/disaster/5581,,,,c8e86ae0-b50b-47c1-a525-55b5140d7eb1,16aaa5ecda6e5433f55dbe0ad64cf1e32aabdbd3,2025-04-25T18:41:34.612Z
5594,2025-06-22T00:00:00.000Z,COTTON 2 FIRE,2025-06-22T00:00:00.000Z,2025-07-28T00:00:00.000Z,Fire Management,NM,New Mexico                    ,Fire,,1,,1,,2025-06-23T00:00:00.000Z,2026-01-06T00:00:00.000Z,,6,0,0,1,1,R,2025-06-22T00:00:00.000Z,https://www.fema.gov/disaster/5594,,,,df396019-0279-48e4-a21a-048090bf96a2,1a54eda12d9612ecfb7b153d858c9d160e606192,2026-01-06T17:41:17.257Z
5593,2025-06-21T00:00:00.000Z,DESERT WILLOW FIRE COMPLEX,2025-06-21T00:00:00.000Z,2025-07-28T00:00:00.000Z,Fire Management,NM,New Mexico                    ,Fire,,1,,1,,2025-06-23T00:00:00.000Z,2026-01-06T00:00:00.000Z,,6,0,0,1,1,R,2025-06-21T00:00:00.000Z,https://www.fema.gov/disaster/5593,,,,3f008cbb-694a-44de-994f-47b4744827a3,60943991fa070bb71d6b8fed994e4ada8ca8979e,2026-01-06T18:41:16.363Z
5588,2025-06-16T00:00:00.000Z,TROUT FIRE,2025-06-16T00:00:00.000Z,2025-07-13T00:00:00.000Z,Fire Management,NM,New Mexico                    ,Fire,,1,,1,,2025-06-17T00:00:00.000Z,2026-01-21T00:00:00.000Z,,6,0,0,1,1,R,2025-06-16T00:00:00.000Z,https://www.fema.gov/disaster/5588,,,,2c9a6b3d-45b3-499c-b629-9f95142ff004,5a0503aed5a3deb7c518e02c1fcd4c17725345a8,2026-01-21T17:41:18.244Z
5579,2025-04-18T00:00:00.000Z,RIO GRANDE FIRE,2025-04-17T00:00:00.000Z,,Fire Management,NM,New Mexico                    ,Fire,,1,,1,,2025-04-18T00:00:00.000Z,2025-04-18T00:00:00.000Z,,6,0,0,1,1,R,2025-04-17T00:00:00.000Z,https://www.fema.gov/disaster/5579,,,,fba72693-b7f9-4c32-8d9b-c84ece13413c,1018da2925ec8c3ab50e8eaac4673fca36ce5453,2025-04-18T20:21:23.016Z
5582,2025-05-03T00:00:00.000Z,SUNSET DRIVE FIRE ,2025-05-02T00:00:00.000Z,,Fire Management,NC,North Carolina                ,Fire,1,1,,,,2025-05-05T00:00:00.000Z,2025-05-05T00:00:00.000Z,,4,0,0,1,1,R,2025-05-03T00:00:00.000Z,https://www.fema.gov/disaster/5582,,,,05db71fd-ce86-4eb4-b0e4-b380f9143d61,4b2b0f87fe5a585d905daf1c1a0311154f2a9a31,2025-05-05T13:41:35.821Z
5580,2025-04-20T00:00:00.000Z,SAM DAVIS ROAD FIRE,2025-04-18T00:00:00.000Z,,Fire Management,NC,North Carolina                ,Fire,1,1,,,,2025-04-21T00:00:00.000Z,2025-04-21T00:00:00.000Z,,4,0,0,1,1,R,2025-04-19T00:00:00.000Z,https://www.fema.gov/disaster/5580,,,,60140685-883e-4f79-b185-0150b152acec,6e3365275faa0749edfe4c83dd2ba47690d61ae4,2025-04-21T14:01:26.505Z
5578,2025-03-27T00:00:00.000Z,TABLE ROCK FIRE,2025-03-26T00:00:00.000Z,,Fire Management,NC,North Carolina                ,Fire,1,1,,,,2025-03-28T00:00:00.000Z,2025-03-28T00:00:00.000Z,,4,0,0,1,1,R,2025-03-27T00:00:00.000Z,https://www.fema.gov/disaster/5578,,,,1604afe5-0e4e-4293-af4d-36dabd9be3f2,ab0c1fb0c84df815ab5048f05ac88ec6dd04844d,2025-03-28T17:42:00.979Z
5577,2025-03-26T00:00:00.000Z,ALARKA FIRE ,2025-03-25T00:00:00.000Z,,Fire Management,NC,North Carolina                ,Fire,1,1,,,,2025-03-27T00:00:00.000Z,2025-03-27T00:00:00.000Z,,4,0,0,1,1,R,2025-03-26T00:00:00.000Z,https://www.fema.gov/disaster/5577,,,,2581bd8a-40f9-49a7-955e-096f51cc6f9c,9c29699efcac23f213c46fd7186d161da8b7627e,2025-03-27T14:42:02.662Z
5574,2025-03-22T00:00:00.000Z,BLACK COVE FIRE COMPLEX,2025-03-19T00:00:00.000Z,,Fire Management,NC,North Carolina                ,Fire,1,1,,,,2025-03-27T00:00:00.000Z,2025-03-27T00:00:00.000Z,,4,0,0,1,1,R,2025-03-22T00:00:00.000Z,https://www.fema.gov/disaster/5574,,,,1ff566f3-b00d-4837-843e-74bfbe6f38db,629b20bc03b0074f77fc5752dc7787c0a9f561a7,2025-03-27T14:42:02.662Z
5628,2026-03-22T00:00:00.000Z,JUMPING JUNIPER FIRE,2026-03-22T00:00:00.000Z,,Fire Management,OK,Oklahoma                      ,Fire,1,,1,,1,2026-03-23T00:00:00.000Z,2026-03-23T00:00:00.000Z,,6,0,0,1,0,R,2026-03-22T00:00:00.000Z,https://www.fema.gov/disaster/5628,,,,14a62a9f-ef34-4c7c-9309-8d6f97e85ac3,303517b800d5f69eab41a86f2bdfb3bed5f5252c,2026-03-23T12:21:23.692Z
5627,2026-03-22T00:00:00.000Z,DIBBLE CREEK FIRE,2026-03-22T00:00:00.000Z,,Fire Management,OK,Oklahoma                      ,Fire,1,,1,,1,2026-03-23T00:00:00.000Z,2026-03-23T00:00:00.000Z,,6,0,0,1,0,R,2026-03-22T00:00:00.000Z,https://www.fema.gov/disaster/5627,,,,92672f87-8a99-4ef1-bcb2-4ddf9b8e9810,c8acb5570f286f79d77a80f2910003e625408e8a,2026-03-23T12:21:23.692Z
5626,2026-03-19T00:00:00.000Z,BUCK HORN FIRE,2026-03-19T00:00:00.000Z,,Fire Management,OK,Oklahoma                      ,Fire,1,,1,,1,2026-03-20T00:00:00.000Z,2026-03-20T00:00:00.000Z,,6,0,0,1,0,R,2026-03-19T00:00:00.000Z,https://www.fema.gov/disaster/5626,,,,56fbe4cd-df3f-483f-8dfa-dce9dce21613,32846a511718ab82a25146cb96a41975c16f76b2,2026-03-20T14:21:15.760Z
5624,2026-03-15T00:00:00.000Z,1170 ROAD FIRE,2026-03-15T00:00:00.000Z,,Fire Management,OK,Oklahoma                      ,Fire,1,,1,,1,2026-03-17T00:00:00.000Z,2026-03-17T00:00:00.000Z,,6,0,0,1,0,R,2026-03-15T00:00:00.000Z,https://www.fema.gov/disaster/5624,,,,4baa5847-0c0d-41de-a327-d8059bb030de,2e8491348c431cddc3d57914d2693f432c614e74,2026-03-17T16:41:14.891Z
5621,2026-02-19T00:00:00.000Z,RATTLESNAKE FIRE,2026-02-19T00:00:00.000Z,,Fire Management,OK,Oklahoma                      ,Fire,1,,1,,1,2026-02-20T00:00:00.000Z,2026-02-20T00:00:00.000Z,,6,0,0,1,0,R,2026-02-19T00:00:00.000Z,https://www.fema.gov/disaster/5621,,,,47171bb8-ac8f-415f-bc37-3697e73de6a6,bbcc4b1e9479d74442d23d001bfbe602af145d9f,2026-02-20T14:41:17.653Z
5620,2026-02-19T00:00:00.000Z,HOSPITAL ROAD FIRE,2026-02-19T00:00:00.000Z,,Fire Management,OK,Oklahoma                      ,Fire,1,,1,,1,2026-02-20T00:00:00.000Z,2026-02-20T00:00:00.000Z,,6,0,0,1,0,R,2026-02-19T00:00:00.000Z,https://www.fema.gov/disaster/5620,,,,83d434cb-e8a7-4e41-952e-c6cacac58456,9114225783c42126b977d062d104097cec9e44cc,2026-02-20T15:01:23.920Z
5618,2026-02-17T00:00:00.000Z,43 FIRE,2026-02-17T00:00:00.000Z,,Fire Management,OK,Oklahoma                      ,Fire,1,,1,,1,2026-02-18T00:00:00.000Z,2026-02-18T00:00:00.000Z,,6,0,0,1,0,R,2026-02-17T00:00:00.000Z,https://www.fema.gov/disaster/5618,,,,139636b7-e5a6-45de-8a76-cfdaeee16fec,b1f4913bc4bca3fc5244c6f73a1d08db0a1fbfd8,2026-02-18T17:01:07.263Z
5617,2026-02-17T00:00:00.000Z,RANGER ROAD FIRE,2026-02-17T00:00:00.000Z,,Fire Management,OK,Oklahoma                      ,Fire,1,,1,,1,2026-02-18T00:00:00.000Z,2026-02-18T00:00:00.000Z,,6,0,0,1,0,R,2026-02-17T00:00:00.000Z,https://www.fema.gov/disaster/5617,,,,0a37c5ef-2093-454b-8acb-4f4344c3e75d,362b86cbc83f5c8c0e9854e4bf903cb007d2a95d,2026-02-18T17:01:07.263Z
5616,2026-02-17T00:00:00.000Z,STEVENS FIRE,2026-02-17T00:00:00.000Z,,Fire Management,OK,Oklahoma                      ,Fire,1,,1,,1,2026-02-18T00:00:00.000Z,2026-02-18T00:00:00.000Z,,6,0,0,1,0,R,2026-02-17T00:00:00.000Z,https://www.fema.gov/disaster/5616,,,,8c9d6e1d-5d08-4b7a-9bfc-89313fe21d27,d052557a46157cd0e25f2e0db277b3cf165fb107,2026-02-18T17:01:07.263Z
5615,2025-12-19T00:00:00.000Z,SUNNY FIRE,2025-12-19T00:00:00.000Z,2025-12-30T00:00:00.000Z,Fire Management,OK,Oklahoma                      ,Fire,1,,1,,1,2025-12-23T00:00:00.000Z,2026-01-13T00:00:00.000Z,,6,0,0,1,0,R,2025-12-19T00:00:00.000Z,https://www.fema.gov/disaster/5615,,,,03377c9d-9566-4619-a12c-d828dd41f79e,28aec21cd23ea2d5b486c624df1041071a7fee7d,2026-01-13T14:41:23.130Z
5572,2025-03-19T00:00:00.000Z,328 FIRE,2025-03-19T00:00:00.000Z,2025-03-28T00:00:00.000Z,Fire Management,OK,Oklahoma                      ,Fire,1,,1,,1,2025-03-20T00:00:00.000Z,2025-06-10T00:00:00.000Z,,6,0,0,1,1,R,2025-03-19T00:00:00.000Z,https://www.fema.gov/disaster/5572,,,,23ed0c22-0c2e-4d67-a93f-0cd9f743b62a,26ba18c683abf4fa334b0b5d42e6eae0b306f325,2025-06-10T17:21:30.160Z
5568,2025-03-15T00:00:00.000Z,BARN FIRE,2025-03-14T00:00:00.000Z,2025-03-17T00:00:00.000Z,Fire Management,OK,Oklahoma                      ,Fire,1,,1,,1,2025-03-17T00:00:00.000Z,2025-06-09T00:00:00.000Z,,6,0,0,1,1,R,2025-03-14T00:00:00.000Z,https://www.fema.gov/disaster/5568,,,,5f0ba850-2a76-4d17-8727-be1367bf5cf4,1b41708a929c976449bfe41926cd19817511cb0c,2025-06-09T18:21:12.653Z
5567,2025-03-15T00:00:00.000Z,KEYSTONE FIRE,2025-03-14T00:00:00.000Z,2025-03-28T00:00:00.000Z,Fire Management,OK,Oklahoma                      ,Fire,1,,1,,1,2025-03-17T00:00:00.000Z,2025-06-09T00:00:00.000Z,,6,0,0,1,1,R,2025-03-14T00:00:00.000Z,https://www.fema.gov/disaster/5567,,,,be92ff3e-dc9a-4f1d-baea-3b90511b1a4c,a14c01e19124f071dfcfec62516898cc7c7bac9c,2025-06-09T18:21:12.653Z
5557,2025-03-14T00:00:00.000Z,840 ROAD FIRE,2025-03-14T00:00:00.000Z,2025-03-25T00:00:00.000Z,Fire Management,OK,Oklahoma                      ,Fire,1,,1,,1,2025-03-17T00:00:00.000Z,2025-06-10T00:00:00.000Z,,6,0,0,1,1,R,2025-03-14T00:00:00.000Z,https://www.fema.gov/disaster/5557,,,,c84bdaa5-a99f-4891-954c-f62755b1b7f9,7a285ffa8fd9c7c874f456014ad582c296669316,2025-06-10T16:41:24.753Z
5565,2025-03-15T00:00:00.000Z,CLEAR POND FIRE,2025-03-14T00:00:00.000Z,2025-03-15T00:00:00.000Z,Fire Management,OK,Oklahoma                      ,Fire,1,,1,,1,2025-03-17T00:00:00.000Z,2025-06-10T00:00:00.000Z,,6,0,0,1,1,R,2025-03-14T00:00:00.000Z,https://www.fema.gov/disaster/5565,,,,612c51f4-b52c-4377-a6a2-d8d2cae69beb,b169dec9fd30b709e7b36a849c2a79fa7d8d2ba5,2025-06-10T17:01:31.317Z
5564,2025-03-15T00:00:00.000Z,WILDHORSE FIRE,2025-03-14T00:00:00.000Z,2025-03-19T00:00:00.000Z,Fire Management,OK,Oklahoma                      ,Fire,1,,1,,1,2025-03-17T00:00:00.000Z,2025-06-10T00:00:00.000Z,,6,0,0,1,1,R,2025-03-14T00:00:00.000Z,https://www.fema.gov/disaster/5564,,,,13425c76-41f3-40de-87a7-4b92106601df,f119dc274245f0bebf84e5fe6c0e0c6a77bd7ec7,2025-06-10T17:01:31.317Z
5562,2025-03-14T00:00:00.000Z,LUTHER FIRE,2025-03-14T00:00:00.000Z,2025-03-24T00:00:00.000Z,Fire Management,OK,Oklahoma                      ,Fire,1,,1,,1,2025-03-17T00:00:00.000Z,2025-06-10T00:00:00.000Z,,6,0,0,1,1,R,2025-03-14T00:00:00.000Z,https://www.fema.gov/disaster/5562,,,,6a379a87-58c8-416d-be99-7ee7be02f58a,25e6d724459600b8e5dd6472442464a271020963,2025-06-10T17:01:31.317Z
5561,2025-03-14T00:00:00.000Z,LOGAN FIRE,2025-03-14T00:00:00.000Z,2025-03-30T00:00:00.000Z,Fire Management,OK,Oklahoma                      ,Fire,1,,1,,1,2025-03-17T00:00:00.000Z,2025-06-10T00:00:00.000Z,,6,0,0,1,1,R,2025-03-14T00:00:00.000Z,https://www.fema.gov/disaster/5561,,,,fa127f8a-da79-44e4-8e7d-54ad276f69e5,c3f2ee6ee092bdbc59fedbccac81be7a9b859d15,2025-06-10T17:01:31.317Z
5560,2025-03-14T00:00:00.000Z,LITTLE SALT CREEK FIRE,2025-03-14T00:00:00.000Z,2025-03-26T00:00:00.000Z,Fire Management,OK,Oklahoma                      ,Fire,1,,1,,1,2025-03-17T00:00:00.000Z,2025-06-10T00:00:00.000Z,,6,0,0,1,1,R,2025-03-14T00:00:00.000Z,https://www.fema.gov/disaster/5560,,,,544602fe-5003-4f13-82e8-0b4b5269b30a,31673c28b15c9b7c5a0771b0b24855af651ed14f,2025-06-10T17:01:31.317Z
5559,2025-03-14T00:00:00.000Z,CHANDLER FIRE,2025-03-14T00:00:00.000Z,2025-03-19T00:00:00.000Z,Fire Management,OK,Oklahoma                      ,Fire,1,,1,,1,2025-03-17T00:00:00.000Z,2025-06-10T00:00:00.000Z,,6,0,0,1,1,R,2025-03-14T00:00:00.000Z,https://www.fema.gov/disaster/5559,,,,86d0fdfd-6537-4bf8-bef3-f5544ae630c8,2b14d77b0cab5fc2f9af2df7c8ca629f66a5149e,2025-06-10T17:01:31.317Z
5558,2025-03-14T00:00:00.000Z,STILLWATER FIRE,2025-03-14T00:00:00.000Z,2025-03-26T00:00:00.000Z,Fire Management,OK,Oklahoma                      ,Fire,1,,1,,1,2025-03-17T00:00:00.000Z,2025-06-10T00:00:00.000Z,,6,0,0,1,1,R,2025-03-14T00:00:00.000Z,https://www.fema.gov/disaster/5558,,,,75170721-e976-43eb-bfc4-0e29e46cacd0,5c006e66964216920fd7ea258936d05eca27f3ed,2025-06-10T17:01:31.317Z
5569,2025-03-15T00:00:00.000Z,NORGE FIRE,2025-03-14T00:00:00.000Z,2025-03-17T00:00:00.000Z,Fire Management,OK,Oklahoma                      ,Fire,1,,1,,1,2025-03-17T00:00:00.000Z,2025-06-10T00:00:00.000Z,,6,0,0,1,1,R,2025-03-14T00:00:00.000Z,https://www.fema.gov/disaster/5569,,,,9f774885-dbe5-4ea2-af85-df975d7ca575,35b4b3a90018aabaefd437cb897ef987299e7b6e,2025-06-10T17:21:30.160Z
5566,2025-03-15T00:00:00.000Z,UNDERWOOD FIRE,2025-03-14T00:00:00.000Z,2025-03-26T00:00:00.000Z,Fire Management,OK,Oklahoma                      ,Fire,1,,1,,1,2025-03-17T00:00:00.000Z,2025-06-10T00:00:00.000Z,,6,0,0,1,1,R,2025-03-14T00:00:00.000Z,https://www.fema.gov/disaster/5566,,,,dfe43876-02e2-4dcf-91ee-ca00637b1ed0,e5224ad71a116313e076bc5ca1790f7300f7d7f3,2025-06-10T17:21:30.160Z
5563,2025-03-15T00:00:00.000Z,EAST THUNDERBIRD FIRE,2025-03-14T00:00:00.000Z,2025-03-27T00:00:00.000Z,Fire Management,OK,Oklahoma                      ,Fire,1,,1,,1,2025-03-17T00:00:00.000Z,2025-06-18T00:00:00.000Z,,6,0,0,1,1,R,2025-03-14T00:00:00.000Z,https://www.fema.gov/disaster/5563,,,,ebd5a185-36ad-44d3-87ea-fb6844475c81,74d59da3f08dbb77d22bafc5b7db86b8566a9b0e,2025-06-18T14:22:08.266Z
5610,2025-08-23T00:00:00.000Z, FLAT FIRE ,2025-08-22T00:00:00.000Z,2025-09-05T00:00:00.000Z,Fire Management,OR,Oregon                        ,Fire,,1,,1,,2025-08-25T00:00:00.000Z,2025-10-27T00:00:00.000Z,,10,0,0,1,0,R,2025-08-22T00:00:00.000Z,https://www.fema.gov/disaster/5610,,,,fbc0328b-1526-4489-8e52-7f15a6c79ade,ac1250c728ff9a964b9b0f60fe6034fa5f127ee7,2025-10-27T15:01:24.676Z
5599,2025-07-13T00:00:00.000Z,HIGHLAND FIRE,2025-07-12T00:00:00.000Z,2025-07-20T00:00:00.000Z,Fire Management,OR,Oregon                        ,Fire,,1,,1,,2025-07-15T00:00:00.000Z,2025-10-27T00:00:00.000Z,,10,0,0,1,1,R,2025-07-12T00:00:00.000Z,https://www.fema.gov/disaster/5599,,,,a863ac7f-ac42-40c9-8917-250ab930e1b6,d14b88a03dc87eec996b37d568f37ff6d8dc8a7c,2025-10-27T15:01:24.676Z
5590,2025-06-18T00:00:00.000Z,UPPER APPLEGATE ROAD FIRE ,2025-06-18T00:00:00.000Z,2025-06-21T00:00:00.000Z,Fire Management,OR,Oregon                        ,Fire,,1,,1,,2025-06-20T00:00:00.000Z,2025-10-27T00:00:00.000Z,,10,0,0,1,1,R,2025-06-18T00:00:00.000Z,https://www.fema.gov/disaster/5590,,,,b0b61b18-4296-43c5-9a16-dc7f8c372252,5db20d262b3334e1773a96f160749e8d18a02045,2025-10-27T15:01:24.676Z
5589,2025-06-17T00:00:00.000Z,ALDER SPRINGS FIRE,2025-06-16T00:00:00.000Z,2025-06-22T00:00:00.000Z,Fire Management,OR,Oregon                        ,Fire,,1,,1,,2025-06-17T00:00:00.000Z,2025-10-27T00:00:00.000Z,,10,0,0,1,1,R,2025-06-16T00:00:00.000Z,https://www.fema.gov/disaster/5589,,,,86a39526-6dd9-4cb8-9fbd-fe0c51600682,c12071c5c91c3116ed6e01765b0ebf7082a653a9,2025-10-27T15:01:24.676Z
5587,2025-06-11T00:00:00.000Z,ROWENA FIRE ,2025-06-11T00:00:00.000Z,2025-06-19T00:00:00.000Z,Fire Management,OR,Oregon                        ,Fire,,1,,1,,2025-06-12T00:00:00.000Z,2025-10-27T00:00:00.000Z,,10,0,0,1,1,R,2025-06-11T00:00:00.000Z,https://www.fema.gov/disaster/5587,,,,2cd41822-1576-4474-ad0b-b85671cb68d5,8fb0f2d4e82d6dc96550f1ae30b0bd20c995c01b,2025-10-27T15:01:24.676Z
5576,2025-03-23T00:00:00.000Z,TABLE ROCK FIRE COMPLEX,2025-03-23T00:00:00.000Z,,Fire Management,SC,South Carolina                ,Fire,1,,1,,1,2025-03-27T00:00:00.000Z,2025-07-10T00:00:00.000Z,,4,0,0,1,1,R,2025-03-23T00:00:00.000Z,https://www.fema.gov/disaster/5576,,,,900b43c7-4be5-40bc-855f-46310d89ce48,ed70acae4911b83d48a66c1b098d3b8e5f0390b1,2025-07-10T19:22:12.377Z
5575,2025-03-23T00:00:00.000Z,TABLE ROCK FIRE ,2025-03-21T00:00:00.000Z,,Fire Management,SC,South Carolina                ,Fire,1,,1,,1,2025-03-27T00:00:00.000Z,2025-06-03T00:00:00.000Z,2025-06-03T00:00:00.000Z,4,0,0,1,1,R,2025-03-23T00:00:00.000Z,https://www.fema.gov/disaster/5575,,,,07ce8d46-2f4f-4f51-8539-6033ab062e56,e575fd3b0495e2346865c0f76ce7d0f1d4b19cbc,2025-06-03T14:41:24.606Z
5554,2025-03-07T00:00:00.000Z,COVINGTON DRIVE FIRE,2025-03-01T00:00:00.000Z,,Fire Management,SC,South Carolina                ,Fire,1,,1,,1,2025-03-10T00:00:00.000Z,2025-03-10T00:00:00.000Z,,4,0,0,1,1,R,2025-03-07T00:00:00.000Z,https://www.fema.gov/disaster/5554,,,,1563fa43-ddd2-4582-be3e-94f79f6d6ff3,b1fc5f2ab0c8b8196b5f4b14b5227e4a1e6108bc,2025-03-11T19:21:45.366Z
5622,2026-03-13T00:00:00.000Z,QURY FIRE,2026-03-12T00:00:00.000Z,,Fire Management,SD,South Dakota                  ,Fire,1,,1,,1,2026-03-17T00:00:00.000Z,2026-03-17T00:00:00.000Z,,8,0,0,1,0,R,2026-03-13T00:00:00.000Z,https://www.fema.gov/disaster/5622,,,,69a2252d-43e3-482b-b067-17146745f946,4f4f4b03b36935efd1110f91450a6ccd56b74150,2026-03-17T16:21:14.025Z
5625,2026-03-15T00:00:00.000Z,CORNER POCKET FIRE,2026-03-15T00:00:00.000Z,,Fire Management,TX,Texas                         ,Fire,1,,1,,1,2026-03-17T00:00:00.000Z,2026-03-17T00:00:00.000Z,,6,0,0,1,0,R,2026-03-15T00:00:00.000Z,https://www.fema.gov/disaster/5625,,,,af33a1be-e282-4ca8-8e13-519f1bd4568e,d8abd42ae320edc460d3a1566341e1a6a125c228,2026-03-17T16:41:14.891Z
5619,2026-02-18T00:00:00.000Z,8 BALL FIRE,2026-02-17T00:00:00.000Z,,Fire Management,TX,Texas                         ,Fire,1,,1,,1,2026-02-19T00:00:00.000Z,2026-02-19T00:00:00.000Z,,6,0,0,1,0,R,2026-02-17T00:00:00.000Z,https://www.fema.gov/disaster/5619,,,,bf59e388-b1ca-44eb-badf-78e5198715ca,adb65c4d9425401ee25bb57781333862b8cb2e0a,2026-02-19T19:41:24.662Z
5573,2025-03-20T00:00:00.000Z,PAULINE ROAD FIRE,2025-03-19T00:00:00.000Z,2025-03-26T00:00:00.000Z,Fire Management,TX,Texas                         ,Fire,1,,1,,1,2025-03-21T00:00:00.000Z,2025-05-29T00:00:00.000Z,,6,0,0,1,1,R,2025-03-19T00:00:00.000Z,https://www.fema.gov/disaster/5573,,,,9b4d8e7d-2af6-4636-b2bb-08090b530544,7e0b8705253fce5c7950cd387cac213480a53ca1,2025-05-29T19:01:24.052Z
5571,2025-03-18T00:00:00.000Z,DOUBLE S FIRE,2025-03-18T00:00:00.000Z,2025-03-21T00:00:00.000Z,Fire Management,TX,Texas                         ,Fire,1,,1,,1,2025-03-19T00:00:00.000Z,2025-04-03T00:00:00.000Z,,6,0,0,1,1,R,2025-03-18T00:00:00.000Z,https://www.fema.gov/disaster/5571,,,,7440ed13-ef9d-4d40-a3e9-f04bfe176fe5,0e6be74e4817701962cc00f13e8744b8ed580d6b,2025-04-03T11:41:47.959Z
5570,2025-03-15T00:00:00.000Z,CRABAPPLE FIRE,2025-03-15T00:00:00.000Z,2025-03-21T00:00:00.000Z,Fire Management,TX,Texas                         ,Fire,1,,1,,1,2025-03-17T00:00:00.000Z,2025-04-03T00:00:00.000Z,,6,0,0,1,1,R,2025-03-15T00:00:00.000Z,https://www.fema.gov/disaster/5570,,,,dbe06592-44b1-4e2c-b444-3206f3ae07b4,dac48a1b5ebc78f487d8dab3f057fd02e2f75282,2025-04-03T11:41:47.959Z
5555,2025-03-14T00:00:00.000Z,REST AREA FIRE,2025-03-14T00:00:00.000Z,2025-03-16T00:00:00.000Z,Fire Management,TX,Texas                         ,Fire,1,,1,,1,2025-03-17T00:00:00.000Z,2025-05-29T00:00:00.000Z,,6,0,0,1,1,R,2025-03-14T00:00:00.000Z,https://www.fema.gov/disaster/5555,,,,1bac86a0-5533-4aa8-bdb6-b6b48532ea45,53b6575df5aa2a6e37cae88e9ece6ccf52e063d2,2025-05-29T19:01:24.052Z
5552,2025-03-04T00:00:00.000Z,WELDER FIRE,2025-03-04T00:00:00.000Z,2025-03-09T00:00:00.000Z,Fire Management,TX,Texas                         ,Fire,1,,1,,1,2025-03-05T00:00:00.000Z,2025-04-09T00:00:00.000Z,,6,0,0,1,1,R,2025-03-04T00:00:00.000Z,https://www.fema.gov/disaster/5552,,,,a6976bc4-b55a-44b0-b4d7-97d1933fb9f8,f5b56c6086508e6ae619b79f40eb67d97c5ffd75,2025-04-09T11:21:36.047Z
5553,2025-03-05T00:00:00.000Z,DUKE FIRE,2025-03-04T00:00:00.000Z,2025-03-05T00:00:00.000Z,Fire Management,TX,Texas                         ,Fire,1,,1,,1,2025-03-05T00:00:00.000Z,2025-05-29T00:00:00.000Z,,6,0,0,1,1,R,2025-03-04T00:00:00.000Z,https://www.fema.gov/disaster/5553,,,,86aa4d06-9f7e-429f-b30d-c599cd9a5d74,de1779848b61d1e6617afdd1237ecc2f78e64e49,2025-05-29T16:41:24.466Z
5600,2025-07-16T00:00:00.000Z,MONROE CANYON FIRE,2025-07-13T00:00:00.000Z,2025-08-23T00:00:00.000Z,Fire Management,UT,Utah                          ,Fire,1,,1,,1,2025-07-17T00:00:00.000Z,2026-01-15T00:00:00.000Z,,8,0,0,1,0,R,2025-07-14T00:00:00.000Z,https://www.fema.gov/disaster/5600,,,,f5cac9c0-adbb-4148-be89-da232af3adac,cc084598ed44622010b6e92a9cc69d629184ada5,2026-01-15T19:01:23.626Z
5598,2025-07-12T00:00:00.000Z,DEER CREEK FIRE,2025-07-10T00:00:00.000Z,2025-08-11T00:00:00.000Z,Fire Management,UT,Utah                          ,Fire,1,,1,,1,2025-07-17T00:00:00.000Z,2025-11-17T00:00:00.000Z,,8,0,0,1,0,R,2025-07-12T00:00:00.000Z,https://www.fema.gov/disaster/5598,,,,ecc3773d-41d1-4a0a-9f3a-dde6a1e9b223,639accd0b9e69e63ed95082e9016a40d32ca73a1,2025-11-17T13:01:23.049Z
5591,2025-06-20T00:00:00.000Z,FORSYTH FIRE,2025-06-19T00:00:00.000Z,2025-07-18T00:00:00.000Z,Fire Management,UT,Utah                          ,Fire,1,,1,,1,2025-06-23T00:00:00.000Z,2026-01-15T00:00:00.000Z,,8,0,0,1,1,R,2025-06-19T00:00:00.000Z,https://www.fema.gov/disaster/5591,,,,770776fe-1086-4f88-8600-2343104ad7a5,328a6c011e0c78b9b2b8669dd0b32ed4da4a0a8a,2026-01-15T19:01:23.626Z
5614,2025-09-26T00:00:00.000Z,LOWER SUGARLOAF FIRE,2025-09-25T00:00:00.000Z,2025-10-10T00:00:00.000Z,Fire Management,WA,Washington                    ,Fire,,1,,1,,2025-09-26T00:00:00.000Z,2025-12-17T00:00:00.000Z,,10,0,0,1,0,R,2025-09-26T00:00:00.000Z,https://www.fema.gov/disaster/5614,,,,bc028afd-858f-4ecd-8b14-564345e9d6f3,cd969bae72ddbb8f793ad0d07c6b42a48fd01d45,2025-12-17T17:41:14.525Z
5601,2025-07-19T00:00:00.000Z,BURDOIN FIRE,2025-07-18T00:00:00.000Z,2025-08-03T00:00:00.000Z,Fire Management,WA,Washington                    ,Fire,,1,,1,,2025-07-21T00:00:00.000Z,2025-12-17T00:00:00.000Z,,10,0,0,1,0,R,2025-07-19T00:00:00.000Z,https://www.fema.gov/disaster/5601,,,,2a00c798-9ad7-4dd3-be83-b1ca64d487c4,295dce159a583d8b3758c9d4f196cfd8a2937322,2025-12-17T17:41:14.525Z
5608,2025-08-15T00:00:00.000Z,RED CANYON FIRE,2025-08-15T00:00:00.000Z,,Fire Management,WY,Wyoming                       ,Fire,1,,1,,1,2025-08-20T00:00:00.000Z,2025-08-20T00:00:00.000Z,,8,0,0,1,0,R,2025-08-15T00:00:00.000Z,https://www.fema.gov/disaster/5608,,,,fdb14ecc-aa48-4a6c-b5e3-0a4ad15bd838,893763843ecd3561770ac2d1a8568966eace8411,2025-08-20T13:42:11.130Z
3636,2026-01-24T00:00:00.000Z,SEVERE WINTER STORM,2026-01-23T00:00:00.000Z,2026-01-27T00:00:00.000Z,Emergency,AR,Arkansas                      ,Winter Storm,1,,1,,1,2026-01-24T00:00:00.000Z,2026-02-20T00:00:00.000Z,,6,0,0,1,0,5,2026-01-23T00:00:00.000Z,https://www.fema.gov/disaster/3636,https://gis.fema.gov/maps/em_3636.zip,https://gis.fema.gov/maps/em_3636.kmz,https://gis.fema.gov/geoserver/FEMA/ows?service=WFS&version=1.0.0&request=GetFeature&typeName=FEMA%3ACURRENT_DISASTER_DECLARATIONS&maxFeatures=500&outputFormat=application%2Fjson&CQL_FILTER=dec_number%3D%27EM-3636%27,0701a462-03f2-45d7-9c6f-c4c0e2690e36,31eb3bd5cdf215499ec1f8c77b4aaaa632ea01b8,2026-02-20T16:41:20.224Z
3627,2025-04-05T00:00:00.000Z,"SEVERE STORMS, TORNADOES, AND FLOODING",2025-04-02T00:00:00.000Z,2025-04-22T00:00:00.000Z,Emergency,AR,Arkansas                      ,Severe Storm,1,,1,,1,2025-04-05T00:00:00.000Z,2025-06-20T00:00:00.000Z,,6,0,0,1,0,"W,F,T",2025-04-04T00:00:00.000Z,https://www.fema.gov/disaster/3627,https://gis.fema.gov/maps/em_3627.zip,https://gis.fema.gov/maps/em_3627.kmz,https://gis.fema.gov/geoserver/FEMA/ows?service=WFS&version=1.0.0&request=GetFeature&typeName=FEMA%3ACURRENT_DISASTER_DECLARATIONS&maxFeatures=500&outputFormat=application%2Fjson&CQL_FILTER=dec_number%3D%27EM-3627%27,9f9aa3c7-7d4d-4856-a7d9-7f127edd2d58,20229c03b6b154c829473b0e925c09cf31a06a14,2025-06-20T17:41:56.590Z
3643,2026-02-20T00:00:00.000Z,SEWER LINE COLLAPSE ,2026-01-19T00:00:00.000Z,2026-03-14T00:00:00.000Z,Emergency,DC,District of Columbia          ,Other,,1,,1,,2026-02-21T00:00:00.000Z,2026-03-19T00:00:00.000Z,,3,0,0,1,0,Z,2026-02-18T00:00:00.000Z,https://www.fema.gov/disaster/3643,https://gis.fema.gov/maps/em_3643.zip,https://gis.fema.gov/maps/em_3643.kmz,https://gis.fema.gov/geoserver/FEMA/ows?service=WFS&version=1.0.0&request=GetFeature&typeName=FEMA%3ACURRENT_DISASTER_DECLARATIONS&maxFeatures=500&outputFormat=application%2Fjson&CQL_FILTER=dec_number%3D%27EM-3643%27,67627afb-7bff-4fff-8d8e-8cb7e6773f34,1abb300b0f2f51322e330de960b416f6e7d63db9,2026-03-19T20:21:19.669Z
3642,2026-01-24T00:00:00.000Z,SEVERE WINTER STORM,2026-01-22T00:00:00.000Z,2026-01-27T00:00:00.000Z,Emergency,GA,Georgia                       ,Winter Storm,1,,1,,,2026-01-25T00:00:00.000Z,2026-02-20T00:00:00.000Z,,4,0,0,1,0,W,2026-01-24T00:00:00.000Z,https://www.fema.gov/disaster/3642,https://gis.fema.gov/maps/em_3642.zip,https://gis.fema.gov/maps/em_3642.kmz,https://gis.fema.gov/geoserver/FEMA/ows?service=WFS&version=1.0.0&request=GetFeature&typeName=FEMA%3ACURRENT_DISASTER_DECLARATIONS&maxFeatures=500&outputFormat=application%2Fjson&CQL_FILTER=dec_number%3D%27EM-3642%27,589b2d90-6218-4814-bdc5-ffceb84c4122,75e163240395681da66604a0cb5ec9f43424f847,2026-02-20T16:41:20.224Z
3641,2026-01-24T00:00:00.000Z,SEVERE WINTER STORM,2026-01-23T00:00:00.000Z,2026-01-27T00:00:00.000Z,Emergency,IN,Indiana                       ,Winter Storm,1,,1,,1,2026-01-24T00:00:00.000Z,2026-03-09T00:00:00.000Z,,5,0,0,1,0,S,2026-01-23T00:00:00.000Z,https://www.fema.gov/disaster/3641,https://gis.fema.gov/maps/em_3641.zip,https://gis.fema.gov/maps/em_3641.kmz,https://gis.fema.gov/geoserver/FEMA/ows?service=WFS&version=1.0.0&request=GetFeature&typeName=FEMA%3ACURRENT_DISASTER_DECLARATIONS&maxFeatures=500&outputFormat=application%2Fjson&CQL_FILTER=dec_number%3D%27EM-3641%27,b13cd837-a888-46bc-9cd6-ab63a253fd68,0500dc1fe37f9f356fee126f7da0199a4228e38a,2026-03-09T21:01:27.221Z
3633,2026-01-24T00:00:00.000Z,SEVERE WINTER STORM,2026-01-23T00:00:00.000Z,2026-01-27T00:00:00.000Z,Emergency,KY,Kentucky                      ,Winter Storm,1,1,,,,2026-01-24T00:00:00.000Z,2026-02-20T00:00:00.000Z,,4,0,0,1,0,"5,W",2026-01-23T00:00:00.000Z,https://www.fema.gov/disaster/3633,https://gis.fema.gov/maps/em_3633.zip,https://gis.fema.gov/maps/em_3633.kmz,https://gis.fema.gov/geoserver/FEMA/ows?service=WFS&version=1.0.0&request=GetFeature&typeName=FEMA%3ACURRENT_DISASTER_DECLARATIONS&maxFeatures=500&outputFormat=application%2Fjson&CQL_FILTER=dec_number%3D%27EM-3633%27,d11174fd-fc28-4b1c-8b8e-7626f6dd0656,8f6bb3b1cff7f6a970858b7df00e59919c8a5a92,2026-02-20T17:01:18.162Z
3626,2025-04-03T00:00:00.000Z,"SEVERE STORMS, STRAIGHT-LINE WINDS, TORNADOES, AND FLOODING",2025-04-02T00:00:00.000Z,2025-05-16T00:00:00.000Z,Emergency,KY,Kentucky                      ,Severe Storm,1,1,,,,2025-04-04T00:00:00.000Z,2025-06-20T00:00:00.000Z,,4,0,0,1,0,"2,W,F,T",2025-04-03T00:00:00.000Z,https://www.fema.gov/disaster/3626,https://gis.fema.gov/maps/em_3626.zip,https://gis.fema.gov/maps/em_3626.kmz,https://gis.fema.gov/geoserver/FEMA/ows?service=WFS&version=1.0.0&request=GetFeature&typeName=FEMA%3ACURRENT_DISASTER_DECLARATIONS&maxFeatures=500&outputFormat=application%2Fjson&CQL_FILTER=dec_number%3D%27EM-3626%27,7c48e6ab-1696-43de-9560-a95475d2d054,1ec535737fa71a69ffb6cfbc1f56423eacfc3416,2025-06-20T17:41:56.590Z
3624,2025-02-16T00:00:00.000Z,"SEVERE STORMS, STRAIGHT-LINE WINDS, FLOODING, AND LANDSLIDES",2025-02-14T00:00:00.000Z,2025-03-07T00:00:00.000Z,Emergency,KY,Kentucky                      ,Severe Storm,1,1,,,,2025-02-16T00:00:00.000Z,2025-12-16T00:00:00.000Z,2025-08-18T00:00:00.000Z,4,0,0,1,0,"2,M,W,F",2025-02-15T00:00:00.000Z,https://www.fema.gov/disaster/3624,https://gis.fema.gov/maps/em_3624.zip,https://gis.fema.gov/maps/em_3624.kmz,https://gis.fema.gov/geoserver/FEMA/ows?service=WFS&version=1.0.0&request=GetFeature&typeName=FEMA%3ACURRENT_DISASTER_DECLARATIONS&maxFeatures=500&outputFormat=application%2Fjson&CQL_FILTER=dec_number%3D%27EM-3624%27,772b746d-8dfb-4f88-bea8-0d57e952d186,48a12790468b556dccef6c87a526cae3cba00661,2025-12-16T19:21:17.402Z
3638,2026-01-24T00:00:00.000Z,SEVERE WINTER STORM,2026-01-23T00:00:00.000Z,2026-01-27T00:00:00.000Z,Emergency,LA,Louisiana                     ,Winter Storm,1,,1,,1,2026-01-25T00:00:00.000Z,2026-02-20T00:00:00.000Z,,6,0,0,1,0,5,2026-01-23T00:00:00.000Z,https://www.fema.gov/disaster/3638,https://gis.fema.gov/maps/em_3638.zip,https://gis.fema.gov/maps/em_3638.kmz,https://gis.fema.gov/geoserver/FEMA/ows?service=WFS&version=1.0.0&request=GetFeature&typeName=FEMA%3ACURRENT_DISASTER_DECLARATIONS&maxFeatures=500&outputFormat=application%2Fjson&CQL_FILTER=dec_number%3D%27EM-3638%27,9dc59c94-9ac6-4cd0-935e-9673066346d4,1a29b9c695c352dad2b14a38d14b008a646e6b31,2026-02-20T16:21:16.905Z
3634,2026-01-24T00:00:00.000Z,SEVERE WINTER STORM,2026-01-23T00:00:00.000Z,2026-01-27T00:00:00.000Z,Emergency,MD,Maryland                      ,Winter Storm,,1,,1,,2026-01-25T00:00:00.000Z,2026-03-09T00:00:00.000Z,,3,0,0,1,0,5,2026-01-23T00:00:00.000Z,https://www.fema.gov/disaster/3634,https://gis.fema.gov/maps/em_3634.zip,https://gis.fema.gov/maps/em_3634.kmz,https://gis.fema.gov/geoserver/FEMA/ows?service=WFS&version=1.0.0&request=GetFeature&typeName=FEMA%3ACURRENT_DISASTER_DECLARATIONS&maxFeatures=500&outputFormat=application%2Fjson&CQL_FILTER=dec_number%3D%27EM-3634%27,53cad085-8b8c-41e3-bb24-6d5ad70b8d6f,c93f55ed34562dd37a7faccb0632ab6c2af33979,2026-03-09T21:41:16.998Z
3640,2026-01-24T00:00:00.000Z,SEVERE WINTER STORM ,2026-01-23T00:00:00.000Z,2026-01-27T00:00:00.000Z,Emergency,MS,Mississippi                   ,Winter Storm,1,,1,,1,2026-01-25T00:00:00.000Z,2026-02-20T00:00:00.000Z,,4,0,0,1,0,"5,W",2026-01-23T00:00:00.000Z,https://www.fema.gov/disaster/3640,https://gis.fema.gov/maps/em_3640.zip,https://gis.fema.gov/maps/em_3640.kmz,https://gis.fema.gov/geoserver/FEMA/ows?service=WFS&version=1.0.0&request=GetFeature&typeName=FEMA%3ACURRENT_DISASTER_DECLARATIONS&maxFeatures=500&outputFormat=application%2Fjson&CQL_FILTER=dec_number%3D%27EM-3640%27,93549fd3-83d0-44fe-be7f-59477d06ec9d,9208bab926ce0294f0afed59f7c71828da1c79a6,2026-02-20T16:41:20.224Z
3630,2025-12-19T00:00:00.000Z,SEVERE STORMS AND FLOODING,2025-12-10T00:00:00.000Z,,Emergency,MT,Montana                       ,Flood,1,,1,,1,2025-12-20T00:00:00.000Z,2025-12-20T00:00:00.000Z,,8,0,0,1,0,"2,W,F",2025-12-16T00:00:00.000Z,https://www.fema.gov/disaster/3630,https://gis.fema.gov/maps/em_3630.zip,https://gis.fema.gov/maps/em_3630.kmz,https://gis.fema.gov/geoserver/FEMA/ows?service=WFS&version=1.0.0&request=GetFeature&typeName=FEMA%3ACURRENT_DISASTER_DECLARATIONS&maxFeatures=500&outputFormat=application%2Fjson&CQL_FILTER=dec_number%3D%27EM-3630%27,634ba683-a367-4e29-ada0-c9296f0a30da,f57acefba746ab37600bf2553db0e285e5da351d,2025-12-20T02:01:14.910Z
3628,2025-07-10T00:00:00.000Z,"SEVERE STORMS, FLOODING, AND LANDSLIDES",2025-06-23T00:00:00.000Z,2025-08-05T00:00:00.000Z,Emergency,NM,New Mexico                    ,Flood,,1,,1,,2025-07-10T00:00:00.000Z,2025-08-18T00:00:00.000Z,,6,0,0,1,0,"M,F",2025-07-08T00:00:00.000Z,https://www.fema.gov/disaster/3628,https://gis.fema.gov/maps/em_3628.zip,https://gis.fema.gov/maps/em_3628.kmz,https://gis.fema.gov/geoserver/FEMA/ows?service=WFS&version=1.0.0&request=GetFeature&typeName=FEMA%3ACURRENT_DISASTER_DECLARATIONS&maxFeatures=500&outputFormat=application%2Fjson&CQL_FILTER=dec_number%3D%27EM-3628%27,56af5cf2-50e3-4b59-a10a-b4aaca815cb4,93a8a8f47838915055e9c06934863dcacd0ea602,2025-08-18T21:02:17.439Z
3637,2026-01-24T00:00:00.000Z,SEVERE WINTER STORM,2026-01-21T00:00:00.000Z,2026-01-27T00:00:00.000Z,Emergency,NC,North Carolina                ,Winter Storm,1,1,,,,2026-01-24T00:00:00.000Z,2026-02-20T00:00:00.000Z,,4,0,0,1,0,"5,W",2026-01-23T00:00:00.000Z,https://www.fema.gov/disaster/3637,https://gis.fema.gov/maps/em_3637.zip,https://gis.fema.gov/maps/em_3637.kmz,https://gis.fema.gov/geoserver/FEMA/ows?service=WFS&version=1.0.0&request=GetFeature&typeName=FEMA%3ACURRENT_DISASTER_DECLARATIONS&maxFeatures=500&outputFormat=application%2Fjson&CQL_FILTER=dec_number%3D%27EM-3637%27,cf4c2e53-1deb-4a9b-a33c-82af04cc02d0,d6c1ee8e5794f391c654d20f6a40ca6797c3fb2a,2026-02-20T17:21:20.884Z
3632,2026-01-23T00:00:00.000Z,SEVERE WINTER STORM,2026-01-21T00:00:00.000Z,2026-01-27T00:00:00.000Z,Emergency,SC,South Carolina                ,Winter Storm,1,,1,,1,2026-01-24T00:00:00.000Z,2026-02-20T00:00:00.000Z,,4,0,0,1,0,"5,W",2026-01-23T00:00:00.000Z,https://www.fema.gov/disaster/3632,https://gis.fema.gov/maps/em_3632.zip,https://gis.fema.gov/maps/em_3632.kmz,https://gis.fema.gov/geoserver/FEMA/ows?service=WFS&version=1.0.0&request=GetFeature&typeName=FEMA%3ACURRENT_DISASTER_DECLARATIONS&maxFeatures=500&outputFormat=application%2Fjson&CQL_FILTER=dec_number%3D%27EM-3632%27,d412b6a6-181a-4c8f-b011-ec839963f76e,61079f1fede3a9b44e26caad47b2ffb9a8622be4,2026-02-20T16:21:16.905Z
3635,2026-01-24T00:00:00.000Z,SEVERE WINTER STORM,2026-01-22T00:00:00.000Z,2026-01-27T00:00:00.000Z,Emergency,TN,Tennessee                     ,Winter Storm,1,,1,,1,2026-01-24T00:00:00.000Z,2026-02-20T00:00:00.000Z,,4,0,0,1,0,"5,W",2026-01-23T00:00:00.000Z,https://www.fema.gov/disaster/3635,https://gis.fema.gov/maps/em_3635.zip,https://gis.fema.gov/maps/em_3635.kmz,https://gis.fema.gov/geoserver/FEMA/ows?service=WFS&version=1.0.0&request=GetFeature&typeName=FEMA%3ACURRENT_DISASTER_DECLARATIONS&maxFeatures=500&outputFormat=application%2Fjson&CQL_FILTER=dec_number%3D%27EM-3635%27,50ce36d6-f5e7-4805-9399-1b403304fda9,8f666135f602a3d4819ab580f73f7e95745d362a,2026-02-20T17:01:18.162Z
3625,2025-04-02T00:00:00.000Z,"SEVERE STORMS, STRAIGHT-LINE WINDS, TORNADOES, AND FLOODING",2025-04-02T00:00:00.000Z,2025-04-24T00:00:00.000Z,Emergency,TN,Tennessee                     ,Severe Storm,1,,1,,1,2025-04-03T00:00:00.000Z,2025-09-10T00:00:00.000Z,2025-09-09T00:00:00.000Z,4,0,0,1,0,"2,W,F,T",2025-04-02T00:00:00.000Z,https://www.fema.gov/disaster/3625,https://gis.fema.gov/maps/em_3625.zip,https://gis.fema.gov/maps/em_3625.kmz,https://gis.fema.gov/geoserver/FEMA/ows?service=WFS&version=1.0.0&request=GetFeature&typeName=FEMA%3ACURRENT_DISASTER_DECLARATIONS&maxFeatures=500&outputFormat=application%2Fjson&CQL_FILTER=dec_number%3D%27EM-3625%27,872b936a-e7c8-41e0-9d5e-dae982d38b5e,cb1d5b213e236783bc3a582a36f32dc51847c11b,2025-09-10T13:01:09.329Z
3631,2026-01-23T00:00:00.000Z,SEVERE WINTER STORM,2026-01-22T00:00:00.000Z,2026-01-27T00:00:00.000Z,Emergency,VA,Virginia                      ,Winter Storm,,1,,1,,2026-01-24T00:00:00.000Z,2026-03-09T00:00:00.000Z,,3,0,0,1,0,"5,W",2026-01-22T00:00:00.000Z,https://www.fema.gov/disaster/3631,https://gis.fema.gov/maps/em_3631.zip,https://gis.fema.gov/maps/em_3631.kmz,https://gis.fema.gov/geoserver/FEMA/ows?service=WFS&version=1.0.0&request=GetFeature&typeName=FEMA%3ACURRENT_DISASTER_DECLARATIONS&maxFeatures=500&outputFormat=application%2Fjson&CQL_FILTER=dec_number%3D%27EM-3631%27,37112ad9-107f-4e61-91a9-9fffbb05abb5,43a95ced11e9ccc9645bf685b6a970f5ddbe766c,2026-03-09T20:41:18.127Z
3629,2025-12-12T00:00:00.000Z,"SEVERE STORMS, STRAIGHT-LINE WINDS, FLOODING, LANDSLIDES, AND MUDSLIDES",2025-12-09T00:00:00.000Z,,Emergency,WA,Washington                    ,Flood,,1,,1,,2025-12-12T00:00:00.000Z,2025-12-12T00:00:00.000Z,,10,0,0,1,0,"2,M,W,F",2025-12-10T00:00:00.000Z,https://www.fema.gov/disaster/3629,https://gis.fema.gov/maps/em_3629.zip,https://gis.fema.gov/maps/em_3629.kmz,https://gis.fema.gov/geoserver/FEMA/ows?service=WFS&version=1.0.0&request=GetFeature&typeName=FEMA%3ACURRENT_DISASTER_DECLARATIONS&maxFeatures=500&outputFormat=application%2Fjson&CQL_FILTER=dec_number%3D%27EM-3629%27,b72fb604-115d-4730-bf53-9bdf17bca2d5,e749129a6022c20f99380d8363d4247da8d7becc,2025-12-12T18:21:23.428Z
3639,2026-01-24T00:00:00.000Z,SEVERE WINTER STORM,2026-01-23T00:00:00.000Z,2026-01-27T00:00:00.000Z,Emergency,WV,West Virginia                 ,Winter Storm,1,,1,,1,2026-01-24T00:00:00.000Z,2026-03-09T00:00:00.000Z,,3,0,0,1,0,"5,W",2026-01-23T00:00:00.000Z,https://www.fema.gov/disaster/3639,https://gis.fema.gov/maps/em_3639.zip,https://gis.fema.gov/maps/em_3639.kmz,https://gis.fema.gov/geoserver/FEMA/ows?service=WFS&version=1.0.0&request=GetFeature&typeName=FEMA%3ACURRENT_DISASTER_DECLARATIONS&maxFeatures=500&outputFormat=application%2Fjson&CQL_FILTER=dec_number%3D%27EM-3639%27,6419a7ca-b740-419d-80a1-27f44588db85,eda9693cfd8ac74d728a7f3a241efd2b47067739,2026-03-09T20:41:18.127Z
,,,,,,,,,,,,,,,,,,,,,,,,,,,,,,
,,,,,,,,,,,,,,,,,,,,,,,,,,,,,,
,,,,,,,,,108,50,91,36,82,,,,,,,,,,,,,,,,,
,,,,,,,,,33,,,,,,,,,,,,,,,,,,,,,